,stop_id,stop_name,stop_lat,stop_lon,location_type,parent_station,stop_id_,composite_gtfs_stops_id
0,101,Van Cortlandt Park-242 St,40.889248,-73.898583,1.0,101,101,101
1,101N,Van Cortlandt Park-242 St,40.889248,-73.898583,,101,101,101
2,101S,Van Cortlandt Park-242 St,40.889248,-73.898583,,101,101,101
3,103,238 St,40.884667,-73.90087,1.0,103,103,103
4,103N,238 St,40.884667,-73.90087,,103,103,103
5,103S,238 St,40.884667,-73.90087,,103,103,103
6,104,231 St,40.878856,-73.904834,1.0,104,104,104
7,104N,231 St,40.878856,-73.904834,,104,104,104
8,104S,231 St,40.878856,-73.904834,,104,104,104
9,106,Marble Hill-225 St,40.874561,-73.909831,1.0,106,106,106
10,106N,Marble Hill-225 St,40.874561,-73.909831,,106,106,106
11,106S,Marble Hill-225 St,40.874561,-73.909831,,106,106,106
12,107,215 St,40.869444,-73.915279,1.0,107,107,107
13,107N,215 St,40.869444,-73.915279,,107,107,107
14,107S,215 St,40.869444,-73.915279,,107,107,107
15,108,207 St,40.864621,-73.918822,1.0,108,108,108
16,108N,207 St,40.864621,-73.918822,,108,108,108
17,108S,207 St,40.864621,-73.918822,,108,108,108
18,109,Dyckman St,40.860531,-73.925536,1.0,109,109,109
19,109N,Dyckman St,40.860531,-73.925536,,109,109,109
20,109S,Dyckman St,40.860531,-73.925536,,109,109,109
21,110,191 St,40.855225,-73.929412,1.0,110,110,110
22,110N,191 St,40.855225,-73.929412,,110,110,110
23,110S,191 St,40.855225,-73.929412,,110,110,110
24,111,181 St,40.849505,-73.933596,1.0,111,111,111
25,111N,181 St,40.849505,-73.933596,,111,111,111
26,111S,181 St,40.849505,-73.933596,,111,111,111
27,112,168 St-Washington Hts,40.840556,-73.940133,1.0,112,112,112_A09
28,112N,168 St-Washington Hts,40.840556,-73.940133,,112,112,112_A09
29,112S,168 St-Washington Hts,40.840556,-73.940133,,112,112,112_A09
30,113,157 St,40.834041,-73.94489,1.0,113,113,113
31,113N,157 St,40.834041,-73.94489,,113,113,113
32,113S,157 St,40.834041,-73.94489,,113,113,113
33,114,145 St,40.826551,-73.95036,1.0,114,114,114
34,114N,145 St,40.826551,-73.95036,,114,114,114
35,114S,145 St,40.826551,-73.95036,,114,114,114
36,115,137 St-City College,40.822008,-73.953676,1.0,115,115,115
37,115N,137 St-City College,40.822008,-73.953676,,115,115,115
38,115S,137 St-City College,40.822008,-73.953676,,115,115,115
39,116,125 St,40.815581,-73.958372,1.0,116,116,116
40,116N,125 St,40.815581,-73.958372,,116,116,116
41,116S,125 St,40.815581,-73.958372,,116,116,116
42,117,116 St-Columbia University,40.807722,-73.96411,1.0,117,117,117
43,117N,116 St-Columbia University,40.807722,-73.96411,,117,117,117
44,117S,116 St-Columbia University,40.807722,-73.96411,,117,117,117
45,118,Cathedral Pkwy (110 St),40.803967,-73.966847,1.0,118,118,118
46,118N,Cathedral Pkwy (110 St),40.803967,-73.966847,,118,118,118
47,118S,Cathedral Pkwy (110 St),40.803967,-73.966847,,118,118,118
48,119,103 St,40.799446,-73.968379,1.0,119,119,119
49,119N,103 St,40.799446,-73.968379,,119,119,119
50,119S,103 St,40.799446,-73.968379,,119,119,119
51,120,96 St,40.793919,-73.972323,1.0,120,120,120
52,120N,96 St,40.793919,-73.972323,,120,120,120
53,120S,96 St,40.793919,-73.972323,,120,120,120
54,121,86 St,40.788644,-73.976218,1.0,121,121,121
55,121N,86 St,40.788644,-73.976218,,121,121,121
56,121S,86 St,40.788644,-73.976218,,121,121,121
57,122,79 St,40.783934,-73.979917,1.0,122,122,122
58,122N,79 St,40.783934,-73.979917,,122,122,122
59,122S,79 St,40.783934,-73.979917,,122,122,122
60,123,72 St,40.778453,-73.98197,1.0,123,123,123
61,123N,72 St,40.778453,-73.98197,,123,123,123
62,123S,72 St,40.778453,-73.98197,,123,123,123
63,124,66 St-Lincoln Center,40.77344,-73.982209,1.0,124,124,124
64,124N,66 St-Lincoln Center,40.77344,-73.982209,,124,124,124
65,124S,66 St-Lincoln Center,40.77344,-73.982209,,124,124,124
66,125,59 St-Columbus Circle,40.768247,-73.981929,1.0,125,125,125_A24
67,125N,59 St-Columbus Circle,40.768247,-73.981929,,125,125,125_A24
68,125S,59 St-Columbus Circle,40.768247,-73.981929,,125,125,125_A24
69,126,50 St,40.761728,-73.983849,1.0,126,126,126
70,126N,50 St,40.761728,-73.983849,,126,126,126
71,126S,50 St,40.761728,-73.983849,,126,126,126
72,127,Times Sq-42 St,40.75529,-73.987495,1.0,127,127,127_725_902_A27_R16
73,127N,Times Sq-42 St,40.75529,-73.987495,,127,127,127_725_902_A27_R16
74,127S,Times Sq-42 St,40.75529,-73.987495,,127,127,127_725_902_A27_R16
75,128,34 St-Penn Station,40.750373,-73.991057,1.0,128,128,128
76,128N,34 St-Penn Station,40.750373,-73.991057,,128,128,128
77,128S,34 St-Penn Station,40.750373,-73.991057,,128,128,128
78,129,28 St,40.747215,-73.993365,1.0,129,129,129
79,129N,28 St,40.747215,-73.993365,,129,129,129
80,129S,28 St,40.747215,-73.993365,,129,129,129
81,130,23 St,40.744081,-73.995657,1.0,130,130,130
82,130N,23 St,40.744081,-73.995657,,130,130,130
83,130S,23 St,40.744081,-73.995657,,130,130,130
84,131,18 St,40.74104,-73.997871,1.0,131,131,131
85,131N,18 St,40.74104,-73.997871,,131,131,131
86,131S,18 St,40.74104,-73.997871,,131,131,131
87,132,14 St,40.737826,-74.000201,1.0,132,132,132_D19_L02
88,132N,14 St,40.737826,-74.000201,,132,132,132_D19_L02
89,132S,14 St,40.737826,-74.000201,,132,132,132_D19_L02
90,133,Christopher St-Sheridan Sq,40.733422,-74.002906,1.0,133,133,133
91,133N,Christopher St-Sheridan Sq,40.733422,-74.002906,,133,133,133
92,133S,Christopher St-Sheridan Sq,40.733422,-74.002906,,133,133,133
93,134,Houston St,40.728251,-74.005367,1.0,134,134,134
94,134N,Houston St,40.728251,-74.005367,,134,134,134
95,134S,Houston St,40.728251,-74.005367,,134,134,134
96,135,Canal St,40.722854,-74.006277,1.0,135,135,135
97,135N,Canal St,40.722854,-74.006277,,135,135,135
98,135S,Canal St,40.722854,-74.006277,,135,135,135
99,136,Franklin St,40.719318,-74.006886,1.0,136,136,136
100,136N,Franklin St,40.719318,-74.006886,,136,136,136
101,136S,Franklin St,40.719318,-74.006886,,136,136,136
102,137,Chambers St,40.715478,-74.009266,1.0,137,137,137
103,137N,Chambers St,40.715478,-74.009266,,137,137,137
104,137S,Chambers St,40.715478,-74.009266,,137,137,137
105,138,WTC Cortlandt,40.711835,-74.012188,1.0,138,138,138
106,138N,WTC Cortlandt,40.711835,-74.012188,,138,138,138
107,138S,WTC Cortlandt,40.711835,-74.012188,,138,138,138
108,139,Rector St,40.707513,-74.013783,1.0,139,139,139
109,139N,Rector St,40.707513,-74.013783,,139,139,139
110,139S,Rector St,40.707513,-74.013783,,139,139,139
111,140,South Ferry Loop,40.701411,-74.013205,1.0,140,,
112,140N,South Ferry Loop,40.701411,-74.013205,,140,,
113,140S,South Ferry Loop,40.701411,-74.013205,,140,,
114,142,South Ferry,40.702068,-74.013664,1.0,142,142,142_R27
115,142N,South Ferry,40.702068,-74.013664,,142,142,142_R27
116,142S,South Ferry,40.702068,-74.013664,,142,142,142_R27
117,201,Wakefield-241 St,40.903125,-73.85062,1.0,201,201,201
118,201N,Wakefield-241 St,40.903125,-73.85062,,201,201,201
119,201S,Wakefield-241 St,40.903125,-73.85062,,201,201,201
120,204,Nereid Av,40.898379,-73.854376,1.0,204,204,204
121,204N,Nereid Av,40.898379,-73.854376,,204,204,204
122,204S,Nereid Av,40.898379,-73.854376,,204,204,204
123,205,233 St,40.893193,-73.857473,1.0,205,205,205
124,205N,233 St,40.893193,-73.857473,,205,205,205
125,205S,233 St,40.893193,-73.857473,,205,205,205
126,206,225 St,40.888022,-73.860341,1.0,206,206,206
127,206N,225 St,40.888022,-73.860341,,206,206,206
128,206S,225 St,40.888022,-73.860341,,206,206,206
129,207,219 St,40.883895,-73.862633,1.0,207,207,207
130,207N,219 St,40.883895,-73.862633,,207,207,207
131,207S,219 St,40.883895,-73.862633,,207,207,207
132,208,Gun Hill Rd,40.87785,-73.866256,1.0,208,208,208
133,208N,Gun Hill Rd,40.87785,-73.866256,,208,208,208
134,208S,Gun Hill Rd,40.87785,-73.866256,,208,208,208
135,209,Burke Av,40.871356,-73.867164,1.0,209,209,209
136,209N,Burke Av,40.871356,-73.867164,,209,209,209
137,209S,Burke Av,40.871356,-73.867164,,209,209,209
138,210,Allerton Av,40.865462,-73.867352,1.0,210,210,210
139,210N,Allerton Av,40.865462,-73.867352,,210,210,210
140,210S,Allerton Av,40.865462,-73.867352,,210,210,210
141,211,Pelham Pkwy,40.857192,-73.867615,1.0,211,211,211
142,211N,Pelham Pkwy,40.857192,-73.867615,,211,211,211
143,211S,Pelham Pkwy,40.857192,-73.867615,,211,211,211
144,212,Bronx Park East,40.848828,-73.868457,1.0,212,212,212
145,212N,Bronx Park East,40.848828,-73.868457,,212,212,212
146,212S,Bronx Park East,40.848828,-73.868457,,212,212,212
147,213,E 180 St,40.841894,-73.873488,1.0,213,213,213
148,213N,E 180 St,40.841894,-73.873488,,213,213,213
149,213S,E 180 St,40.841894,-73.873488,,213,213,213
150,214,West Farms Sq-E Tremont Av,40.840295,-73.880049,1.0,214,214,214
151,214N,West Farms Sq-E Tremont Av,40.840295,-73.880049,,214,214,214
152,214S,West Farms Sq-E Tremont Av,40.840295,-73.880049,,214,214,214
153,215,174 St,40.837288,-73.887734,1.0,215,215,215
154,215N,174 St,40.837288,-73.887734,,215,215,215
155,215S,174 St,40.837288,-73.887734,,215,215,215
156,216,Freeman St,40.829993,-73.891865,1.0,216,216,216
157,216N,Freeman St,40.829993,-73.891865,,216,216,216
158,216S,Freeman St,40.829993,-73.891865,,216,216,216
159,217,Simpson St,40.824073,-73.893064,1.0,217,217,217
160,217N,Simpson St,40.824073,-73.893064,,217,217,217
161,217S,Simpson St,40.824073,-73.893064,,217,217,217
162,218,Intervale Av,40.822181,-73.896736,1.0,218,218,218
163,218N,Intervale Av,40.822181,-73.896736,,218,218,218
164,218S,Intervale Av,40.822181,-73.896736,,218,218,218
165,219,Prospect Av,40.819585,-73.90177,1.0,219,219,219
166,219N,Prospect Av,40.819585,-73.90177,,219,219,219
167,219S,Prospect Av,40.819585,-73.90177,,219,219,219
168,220,Jackson Av,40.81649,-73.907807,1.0,220,220,220
169,220N,Jackson Av,40.81649,-73.907807,,220,220,220
170,220S,Jackson Av,40.81649,-73.907807,,220,220,220
171,221,3 Av-149 St,40.816109,-73.917757,1.0,221,221,221
172,221N,3 Av-149 St,40.816109,-73.917757,,221,221,221
173,221S,3 Av-149 St,40.816109,-73.917757,,221,221,221
174,222,149 St-Grand Concourse,40.81841,-73.926718,1.0,222,222,222_415
175,222N,149 St-Grand Concourse,40.81841,-73.926718,,222,222,222_415
176,222S,149 St-Grand Concourse,40.81841,-73.926718,,222,222,222_415
177,224,135 St,40.814229,-73.94077,1.0,224,224,224
178,224N,135 St,40.814229,-73.94077,,224,224,224
179,224S,135 St,40.814229,-73.94077,,224,224,224
180,225,125 St,40.807754,-73.945495,1.0,225,225,225
181,225N,125 St,40.807754,-73.945495,,225,225,225
182,225S,125 St,40.807754,-73.945495,,225,225,225
183,226,116 St,40.802098,-73.949625,1.0,226,226,226
184,226N,116 St,40.802098,-73.949625,,226,226,226
185,226S,116 St,40.802098,-73.949625,,226,226,226
186,227,Central Park North (110 St),40.799075,-73.951822,1.0,227,227,227
187,227N,Central Park North (110 St),40.799075,-73.951822,,227,227,227
188,227S,Central Park North (110 St),40.799075,-73.951822,,227,227,227
189,228,Park Place,40.713051,-74.008811,1.0,228,228,228_A36_E01_R25
190,228N,Park Place,40.713051,-74.008811,,228,228,228_A36_E01_R25
191,228S,Park Place,40.713051,-74.008811,,228,228,228_A36_E01_R25
192,229,Fulton St,40.709416,-74.006571,1.0,229,229,229_418_A38_M22
193,229N,Fulton St,40.709416,-74.006571,,229,229,229_418_A38_M22
194,229S,Fulton St,40.709416,-74.006571,,229,229,229_418_A38_M22
195,230,Wall St,40.706821,-74.0091,1.0,230,230,230
196,230N,Wall St,40.706821,-74.0091,,230,230,230
197,230S,Wall St,40.706821,-74.0091,,230,230,230
198,231,Clark St,40.697466,-73.993086,1.0,231,231,231
199,231N,Clark St,40.697466,-73.993086,,231,231,231
200,231S,Clark St,40.697466,-73.993086,,231,231,231
201,232,Borough Hall,40.693219,-73.989998,1.0,232,232,232_423_R28
202,232N,Borough Hall,40.693219,-73.989998,,232,232,232_423_R28
203,232S,Borough Hall,40.693219,-73.989998,,232,232,232_423_R28
204,233,Hoyt St,40.690545,-73.985065,1.0,233,233,233
205,233N,Hoyt St,40.690545,-73.985065,,233,233,233
206,233S,Hoyt St,40.690545,-73.985065,,233,233,233
207,234,Nevins St,40.688246,-73.980492,1.0,234,234,234
208,234N,Nevins St,40.688246,-73.980492,,234,234,234
209,234S,Nevins St,40.688246,-73.980492,,234,234,234
210,235,Atlantic Av-Barclays Ctr,40.684359,-73.977666,1.0,235,235,235_D24_R31
211,235N,Atlantic Av-Barclays Ctr,40.684359,-73.977666,,235,235,235_D24_R31
212,235S,Atlantic Av-Barclays Ctr,40.684359,-73.977666,,235,235,235_D24_R31
213,236,Bergen St,40.680829,-73.975098,1.0,236,236,236
214,236N,Bergen St,40.680829,-73.975098,,236,236,236
215,236S,Bergen St,40.680829,-73.975098,,236,236,236
216,237,Grand Army Plaza,40.675235,-73.971046,1.0,237,237,237
217,237N,Grand Army Plaza,40.675235,-73.971046,,237,237,237
218,237S,Grand Army Plaza,40.675235,-73.971046,,237,237,237
219,238,Eastern Pkwy-Brooklyn Museum,40.671987,-73.964375,1.0,238,238,238
220,238N,Eastern Pkwy-Brooklyn Museum,40.671987,-73.964375,,238,238,238
221,238S,Eastern Pkwy-Brooklyn Museum,40.671987,-73.964375,,238,238,238
222,239,Franklin Av-Medgar Evers College,40.670682,-73.958131,1.0,239,239,239_S04
223,239N,Franklin Av-Medgar Evers College,40.670682,-73.958131,,239,239,239_S04
224,239S,Franklin Av-Medgar Evers College,40.670682,-73.958131,,239,239,239_S04
225,241,President St-Medgar Evers College,40.667883,-73.950683,1.0,241,241,241
226,241N,President St-Medgar Evers College,40.667883,-73.950683,,241,241,241
227,241S,President St-Medgar Evers College,40.667883,-73.950683,,241,241,241
228,242,Sterling St,40.662742,-73.95085,1.0,242,242,242
229,242N,Sterling St,40.662742,-73.95085,,242,242,242
230,242S,Sterling St,40.662742,-73.95085,,242,242,242
231,243,Winthrop St,40.656652,-73.9502,1.0,243,243,243
232,243N,Winthrop St,40.656652,-73.9502,,243,243,243
233,243S,Winthrop St,40.656652,-73.9502,,243,243,243
234,244,Church Av,40.650843,-73.949575,1.0,244,244,244
235,244N,Church Av,40.650843,-73.949575,,244,244,244
236,244S,Church Av,40.650843,-73.949575,,244,244,244
237,245,Beverly Rd,40.645098,-73.948959,1.0,245,245,245
238,245N,Beverly Rd,40.645098,-73.948959,,245,245,245
239,245S,Beverly Rd,40.645098,-73.948959,,245,245,245
240,246,Newkirk Av-Little Haiti,40.639967,-73.948411,1.0,246,246,246
241,246N,Newkirk Av-Little Haiti,40.639967,-73.948411,,246,246,246
242,246S,Newkirk Av-Little Haiti,40.639967,-73.948411,,246,246,246
243,247,Flatbush Av-Brooklyn College,40.632836,-73.947642,1.0,247,247,247
244,247N,Flatbush Av-Brooklyn College,40.632836,-73.947642,,247,247,247
245,247S,Flatbush Av-Brooklyn College,40.632836,-73.947642,,247,247,247
246,248,Nostrand Av,40.669847,-73.950466,1.0,248,248,248
247,248N,Nostrand Av,40.669847,-73.950466,,248,248,248
248,248S,Nostrand Av,40.669847,-73.950466,,248,248,248
249,249,Kingston Av,40.669399,-73.942161,1.0,249,249,249
250,249N,Kingston Av,40.669399,-73.942161,,249,249,249
251,249S,Kingston Av,40.669399,-73.942161,,249,249,249
252,250,Crown Hts-Utica Av,40.668897,-73.932942,1.0,250,250,250
253,250N,Crown Hts-Utica Av,40.668897,-73.932942,,250,250,250
254,250S,Crown Hts-Utica Av,40.668897,-73.932942,,250,250,250
255,251,Sutter Av-Rutland Rd,40.664717,-73.92261,1.0,251,251,251
256,251N,Sutter Av-Rutland Rd,40.664717,-73.92261,,251,251,251
257,251S,Sutter Av-Rutland Rd,40.664717,-73.92261,,251,251,251
258,252,Saratoga Av,40.661453,-73.916327,1.0,252,252,252
259,252N,Saratoga Av,40.661453,-73.916327,,252,252,252
260,252S,Saratoga Av,40.661453,-73.916327,,252,252,252
261,253,Rockaway Av,40.662549,-73.908946,1.0,253,253,253
262,253N,Rockaway Av,40.662549,-73.908946,,253,253,253
263,253S,Rockaway Av,40.662549,-73.908946,,253,253,253
264,254,Junius St,40.663515,-73.902447,1.0,254,254,254
265,254N,Junius St,40.663515,-73.902447,,254,254,254
266,254S,Junius St,40.663515,-73.902447,,254,254,254
267,255,Pennsylvania Av,40.664635,-73.894895,1.0,255,255,255
268,255N,Pennsylvania Av,40.664635,-73.894895,,255,255,255
269,255S,Pennsylvania Av,40.664635,-73.894895,,255,255,255
270,256,Van Siclen Av,40.665449,-73.889395,1.0,256,256,256
271,256N,Van Siclen Av,40.665449,-73.889395,,256,256,256
272,256S,Van Siclen Av,40.665449,-73.889395,,256,256,256
273,257,New Lots Av,40.666235,-73.884079,1.0,257,257,257
274,257N,New Lots Av,40.666235,-73.884079,,257,257,257
275,257S,New Lots Av,40.666235,-73.884079,,257,257,257
276,301,Harlem-148 St,40.82388,-73.93647,1.0,301,301,301
277,301N,Harlem-148 St,40.82388,-73.93647,,301,301,301
278,301S,Harlem-148 St,40.82388,-73.93647,,301,301,301
279,302,145 St,40.820421,-73.936245,1.0,302,302,302
280,302N,145 St,40.820421,-73.936245,,302,302,302
281,302S,145 St,40.820421,-73.936245,,302,302,302
282,401,Woodlawn,40.886037,-73.878751,1.0,401,401,401
283,401N,Woodlawn,40.886037,-73.878751,,401,401,401
284,401S,Woodlawn,40.886037,-73.878751,,401,401,401
285,402,Mosholu Pkwy,40.87975,-73.884655,1.0,402,402,402
286,402N,Mosholu Pkwy,40.87975,-73.884655,,402,402,402
287,402S,Mosholu Pkwy,40.87975,-73.884655,,402,402,402
288,405,Bedford Park Blvd-Lehman College,40.873412,-73.890064,1.0,405,405,405
289,405N,Bedford Park Blvd-Lehman College,40.873412,-73.890064,,405,405,405
290,405S,Bedford Park Blvd-Lehman College,40.873412,-73.890064,,405,405,405
291,406,Kingsbridge Rd,40.86776,-73.897174,1.0,406,406,406
292,406N,Kingsbridge Rd,40.86776,-73.897174,,406,406,406
293,406S,Kingsbridge Rd,40.86776,-73.897174,,406,406,406
294,407,Fordham Rd,40.862803,-73.901034,1.0,407,407,407
295,407N,Fordham Rd,40.862803,-73.901034,,407,407,407
296,407S,Fordham Rd,40.862803,-73.901034,,407,407,407
297,408,183 St,40.858407,-73.903879,1.0,408,408,408
298,408N,183 St,40.858407,-73.903879,,408,408,408
299,408S,183 St,40.858407,-73.903879,,408,408,408
300,409,Burnside Av,40.853453,-73.907684,1.0,409,409,409
301,409N,Burnside Av,40.853453,-73.907684,,409,409,409
302,409S,Burnside Av,40.853453,-73.907684,,409,409,409
303,410,176 St,40.84848,-73.911794,1.0,410,410,410
304,410N,176 St,40.84848,-73.911794,,410,410,410
305,410S,176 St,40.84848,-73.911794,,410,410,410
306,411,Mt Eden Av,40.844434,-73.914685,1.0,411,411,411
307,411N,Mt Eden Av,40.844434,-73.914685,,411,411,411
308,411S,Mt Eden Av,40.844434,-73.914685,,411,411,411
309,412,170 St,40.840075,-73.917791,1.0,412,412,412
310,412N,170 St,40.840075,-73.917791,,412,412,412
311,412S,170 St,40.840075,-73.917791,,412,412,412
312,413,167 St,40.835537,-73.9214,1.0,413,413,413
313,413N,167 St,40.835537,-73.9214,,413,413,413
314,413S,167 St,40.835537,-73.9214,,413,413,413
315,414,161 St-Yankee Stadium,40.827994,-73.925831,1.0,414,414,414_D11
316,414N,161 St-Yankee Stadium,40.827994,-73.925831,,414,414,414_D11
317,414S,161 St-Yankee Stadium,40.827994,-73.925831,,414,414,414_D11
318,415,149 St-Grand Concourse,40.818375,-73.927351,1.0,415,415,222_415
319,415N,149 St-Grand Concourse,40.818375,-73.927351,,415,415,222_415
320,415S,149 St-Grand Concourse,40.818375,-73.927351,,415,415,222_415
321,416,138 St-Grand Concourse,40.813224,-73.929849,1.0,416,416,416
322,416N,138 St-Grand Concourse,40.813224,-73.929849,,416,416,416
323,416S,138 St-Grand Concourse,40.813224,-73.929849,,416,416,416
324,418,Fulton St,40.710368,-74.009509,1.0,418,418,229_418_A38_M22
325,418N,Fulton St,40.710368,-74.009509,,418,418,229_418_A38_M22
326,418S,Fulton St,40.710368,-74.009509,,418,418,229_418_A38_M22
327,419,Wall St,40.707557,-74.011862,1.0,419,419,419
328,419N,Wall St,40.707557,-74.011862,,419,419,419
329,419S,Wall St,40.707557,-74.011862,,419,419,419
330,420,Bowling Green,40.704817,-74.014065,1.0,420,420,420
331,420N,Bowling Green,40.704817,-74.014065,,420,420,420
332,420S,Bowling Green,40.704817,-74.014065,,420,420,420
333,423,Borough Hall,40.692404,-73.990151,1.0,423,423,232_423_R28
334,423N,Borough Hall,40.692404,-73.990151,,423,423,232_423_R28
335,423S,Borough Hall,40.692404,-73.990151,,423,423,232_423_R28
336,501,Eastchester-Dyre Av,40.8883,-73.830834,1.0,501,501,501
337,501N,Eastchester-Dyre Av,40.8883,-73.830834,,501,501,501
338,501S,Eastchester-Dyre Av,40.8883,-73.830834,,501,501,501
339,502,Baychester Av,40.878663,-73.838591,1.0,502,502,502
340,502N,Baychester Av,40.878663,-73.838591,,502,502,502
341,502S,Baychester Av,40.878663,-73.838591,,502,502,502
342,503,Gun Hill Rd,40.869526,-73.846384,1.0,503,503,503
343,503N,Gun Hill Rd,40.869526,-73.846384,,503,503,503
344,503S,Gun Hill Rd,40.869526,-73.846384,,503,503,503
345,504,Pelham Pkwy,40.858985,-73.855359,1.0,504,504,504
346,504N,Pelham Pkwy,40.858985,-73.855359,,504,504,504
347,504S,Pelham Pkwy,40.858985,-73.855359,,504,504,504
348,505,Morris Park,40.854364,-73.860495,1.0,505,505,505
349,505N,Morris Park,40.854364,-73.860495,,505,505,505
350,505S,Morris Park,40.854364,-73.860495,,505,505,505
351,601,Pelham Bay Park,40.852462,-73.828121,1.0,601,601,601
352,601N,Pelham Bay Park,40.852462,-73.828121,,601,601,601
353,601S,Pelham Bay Park,40.852462,-73.828121,,601,601,601
354,602,Buhre Av,40.84681,-73.832569,1.0,602,602,602
355,602N,Buhre Av,40.84681,-73.832569,,602,602,602
356,602S,Buhre Av,40.84681,-73.832569,,602,602,602
357,603,Middletown Rd,40.843863,-73.836322,1.0,603,603,603
358,603N,Middletown Rd,40.843863,-73.836322,,603,603,603
359,603S,Middletown Rd,40.843863,-73.836322,,603,603,603
360,604,Westchester Sq-E Tremont Av,40.839892,-73.842952,1.0,604,604,604
361,604N,Westchester Sq-E Tremont Av,40.839892,-73.842952,,604,604,604
362,604S,Westchester Sq-E Tremont Av,40.839892,-73.842952,,604,604,604
363,606,Zerega Av,40.836488,-73.847036,1.0,606,606,606
364,606N,Zerega Av,40.836488,-73.847036,,606,606,606
365,606S,Zerega Av,40.836488,-73.847036,,606,606,606
366,607,Castle Hill Av,40.834255,-73.851222,1.0,607,607,607
367,607N,Castle Hill Av,40.834255,-73.851222,,607,607,607
368,607S,Castle Hill Av,40.834255,-73.851222,,607,607,607
369,608,Parkchester,40.833226,-73.860816,1.0,608,608,608
370,608N,Parkchester,40.833226,-73.860816,,608,608,608
371,608S,Parkchester,40.833226,-73.860816,,608,608,608
372,609,St Lawrence Av,40.831509,-73.867618,1.0,609,609,609
373,609N,St Lawrence Av,40.831509,-73.867618,,609,609,609
374,609S,St Lawrence Av,40.831509,-73.867618,,609,609,609
375,610,Morrison Av-Soundview,40.829521,-73.874516,1.0,610,610,610
376,610N,Morrison Av-Soundview,40.829521,-73.874516,,610,610,610
377,610S,Morrison Av-Soundview,40.829521,-73.874516,,610,610,610
378,611,Elder Av,40.828584,-73.879159,1.0,611,611,611
379,611N,Elder Av,40.828584,-73.879159,,611,611,611
380,611S,Elder Av,40.828584,-73.879159,,611,611,611
381,612,Whitlock Av,40.826525,-73.886283,1.0,612,612,612
382,612N,Whitlock Av,40.826525,-73.886283,,612,612,612
383,612S,Whitlock Av,40.826525,-73.886283,,612,612,612
384,613,Hunts Point Av,40.820948,-73.890549,1.0,613,613,613
385,613N,Hunts Point Av,40.820948,-73.890549,,613,613,613
386,613S,Hunts Point Av,40.820948,-73.890549,,613,613,613
387,614,Longwood Av,40.816104,-73.896435,1.0,614,614,614
388,614N,Longwood Av,40.816104,-73.896435,,614,614,614
389,614S,Longwood Av,40.816104,-73.896435,,614,614,614
390,615,E 149 St,40.812118,-73.904098,1.0,615,615,615
391,615N,E 149 St,40.812118,-73.904098,,615,615,615
392,615S,E 149 St,40.812118,-73.904098,,615,615,615
393,616,E 143 St-St Mary's St,40.808719,-73.907657,1.0,616,616,616
394,616N,E 143 St-St Mary's St,40.808719,-73.907657,,616,616,616
395,616S,E 143 St-St Mary's St,40.808719,-73.907657,,616,616,616
396,617,Cypress Av,40.805368,-73.914042,1.0,617,617,617
397,617N,Cypress Av,40.805368,-73.914042,,617,617,617
398,617S,Cypress Av,40.805368,-73.914042,,617,617,617
399,618,Brook Av,40.807566,-73.91924,1.0,618,618,618
400,618N,Brook Av,40.807566,-73.91924,,618,618,618
401,618S,Brook Av,40.807566,-73.91924,,618,618,618
402,619,3 Av-138 St,40.810476,-73.926138,1.0,619,619,619
403,619N,3 Av-138 St,40.810476,-73.926138,,619,619,619
404,619S,3 Av-138 St,40.810476,-73.926138,,619,619,619
405,621,125 St,40.804138,-73.937594,1.0,621,621,621
406,621N,125 St,40.804138,-73.937594,,621,621,621
407,621S,125 St,40.804138,-73.937594,,621,621,621
408,622,116 St,40.798629,-73.941617,1.0,622,622,622
409,622N,116 St,40.798629,-73.941617,,622,622,622
410,622S,116 St,40.798629,-73.941617,,622,622,622
411,623,110 St,40.79502,-73.94425,1.0,623,623,623
412,623N,110 St,40.79502,-73.94425,,623,623,623
413,623S,110 St,40.79502,-73.94425,,623,623,623
414,624,103 St,40.7906,-73.947478,1.0,624,624,624
415,624N,103 St,40.7906,-73.947478,,624,624,624
416,624S,103 St,40.7906,-73.947478,,624,624,624
417,625,96 St,40.785672,-73.95107,1.0,625,625,625
418,625N,96 St,40.785672,-73.95107,,625,625,625
419,625S,96 St,40.785672,-73.95107,,625,625,625
420,626,86 St,40.779492,-73.955589,1.0,626,626,626
421,626N,86 St,40.779492,-73.955589,,626,626,626
422,626S,86 St,40.779492,-73.955589,,626,626,626
423,627,77 St,40.77362,-73.959874,1.0,627,627,627
424,627N,77 St,40.77362,-73.959874,,627,627,627
425,627S,77 St,40.77362,-73.959874,,627,627,627
426,628,68 St-Hunter College,40.768141,-73.96387,1.0,628,628,628
427,628N,68 St-Hunter College,40.768141,-73.96387,,628,628,628
428,628S,68 St-Hunter College,40.768141,-73.96387,,628,628,628
429,629,59 St,40.762526,-73.967967,1.0,629,629,629_R11
430,629N,59 St,40.762526,-73.967967,,629,629,629_R11
431,629S,59 St,40.762526,-73.967967,,629,629,629_R11
432,630,51 St,40.757107,-73.97192,1.0,630,630,630_F11
433,630N,51 St,40.757107,-73.97192,,630,630,630_F11
434,630S,51 St,40.757107,-73.97192,,630,630,630_F11
435,631,Grand Central-42 St,40.751776,-73.976848,1.0,631,631,631_723_901
436,631N,Grand Central-42 St,40.751776,-73.976848,,631,631,631_723_901
437,631S,Grand Central-42 St,40.751776,-73.976848,,631,631,631_723_901
438,632,33 St,40.746081,-73.982076,1.0,632,632,632
439,632N,33 St,40.746081,-73.982076,,632,632,632
440,632S,33 St,40.746081,-73.982076,,632,632,632
441,633,28 St,40.74307,-73.984264,1.0,633,633,633
442,633N,28 St,40.74307,-73.984264,,633,633,633
443,633S,28 St,40.74307,-73.984264,,633,633,633
444,634,23 St,40.739864,-73.986599,1.0,634,634,634
445,634N,23 St,40.739864,-73.986599,,634,634,634
446,634S,23 St,40.739864,-73.986599,,634,634,634
447,635,14 St-Union Sq,40.734673,-73.989951,1.0,635,635,635_L03_R20
448,635N,14 St-Union Sq,40.734673,-73.989951,,635,635,635_L03_R20
449,635S,14 St-Union Sq,40.734673,-73.989951,,635,635,635_L03_R20
450,636,Astor Pl,40.730054,-73.99107,1.0,636,636,636
451,636N,Astor Pl,40.730054,-73.99107,,636,636,636
452,636S,Astor Pl,40.730054,-73.99107,,636,636,636
453,637,Bleecker St,40.725915,-73.994659,1.0,637,637,637_D21
454,637N,Bleecker St,40.725915,-73.994659,,637,637,637_D21
455,637S,Bleecker St,40.725915,-73.994659,,637,637,637_D21
456,638,Spring St,40.722301,-73.997141,1.0,638,638,638
457,638N,Spring St,40.722301,-73.997141,,638,638,638
458,638S,Spring St,40.722301,-73.997141,,638,638,638
459,639,Canal St,40.718803,-74.000193,1.0,639,639,639_M20_Q01_R23
460,639N,Canal St,40.718803,-74.000193,,639,639,639_M20_Q01_R23
461,639S,Canal St,40.718803,-74.000193,,639,639,639_M20_Q01_R23
462,640,Brooklyn Bridge-City Hall,40.713065,-74.004131,1.0,640,640,640_M21
463,640N,Brooklyn Bridge-City Hall,40.713065,-74.004131,,640,640,640_M21
464,640S,Brooklyn Bridge-City Hall,40.713065,-74.004131,,640,640,640_M21
465,701,Flushing-Main St,40.7596,-73.83003,1.0,701,701,701
466,701N,Flushing-Main St,40.7596,-73.83003,,701,701,701
467,701S,Flushing-Main St,40.7596,-73.83003,,701,701,701
468,702,Mets-Willets Point,40.754622,-73.845625,1.0,702,702,702
469,702N,Mets-Willets Point,40.754622,-73.845625,,702,702,702
470,702S,Mets-Willets Point,40.754622,-73.845625,,702,702,702
471,705,111 St,40.75173,-73.855334,1.0,705,705,705
472,705N,111 St,40.75173,-73.855334,,705,705,705
473,705S,111 St,40.75173,-73.855334,,705,705,705
474,706,103 St-Corona Plaza,40.749865,-73.8627,1.0,706,706,706
475,706N,103 St-Corona Plaza,40.749865,-73.8627,,706,706,706
476,706S,103 St-Corona Plaza,40.749865,-73.8627,,706,706,706
477,707,Junction Blvd,40.749145,-73.869527,1.0,707,707,707
478,707N,Junction Blvd,40.749145,-73.869527,,707,707,707
479,707S,Junction Blvd,40.749145,-73.869527,,707,707,707
480,708,90 St-Elmhurst Av,40.748408,-73.876613,1.0,708,708,708
481,708N,90 St-Elmhurst Av,40.748408,-73.876613,,708,708,708
482,708S,90 St-Elmhurst Av,40.748408,-73.876613,,708,708,708
483,709,82 St-Jackson Hts,40.747659,-73.883697,1.0,709,709,709
484,709N,82 St-Jackson Hts,40.747659,-73.883697,,709,709,709
485,709S,82 St-Jackson Hts,40.747659,-73.883697,,709,709,709
486,710,74 St-Broadway,40.746848,-73.891394,1.0,710,710,710_G14
487,710N,74 St-Broadway,40.746848,-73.891394,,710,710,710_G14
488,710S,74 St-Broadway,40.746848,-73.891394,,710,710,710_G14
489,711,69 St,40.746325,-73.896403,1.0,711,711,711
490,711N,69 St,40.746325,-73.896403,,711,711,711
491,711S,69 St,40.746325,-73.896403,,711,711,711
492,712,61 St-Woodside,40.74563,-73.902984,1.0,712,712,712
493,712N,61 St-Woodside,40.74563,-73.902984,,712,712,712
494,712S,61 St-Woodside,40.74563,-73.902984,,712,712,712
495,713,52 St,40.744149,-73.912549,1.0,713,713,713
496,713N,52 St,40.744149,-73.912549,,713,713,713
497,713S,52 St,40.744149,-73.912549,,713,713,713
498,714,46 St-Bliss St,40.743132,-73.918435,1.0,714,714,714
499,714N,46 St-Bliss St,40.743132,-73.918435,,714,714,714
500,714S,46 St-Bliss St,40.743132,-73.918435,,714,714,714
501,715,40 St-Lowery St,40.743781,-73.924016,1.0,715,715,715
502,715N,40 St-Lowery St,40.743781,-73.924016,,715,715,715
503,715S,40 St-Lowery St,40.743781,-73.924016,,715,715,715
504,716,33 St-Rawson St,40.744587,-73.930997,1.0,716,716,716
505,716N,33 St-Rawson St,40.744587,-73.930997,,716,716,716
506,716S,33 St-Rawson St,40.744587,-73.930997,,716,716,716
507,718,Queensboro Plaza,40.750582,-73.940202,1.0,718,718,718_R09
508,718N,Queensboro Plaza,40.750582,-73.940202,,718,718,718_R09
509,718S,Queensboro Plaza,40.750582,-73.940202,,718,718,718_R09
510,719,Court Sq,40.747023,-73.945264,1.0,719,719,719_F09_G22
511,719N,Court Sq,40.747023,-73.945264,,719,719,719_F09_G22
512,719S,Court Sq,40.747023,-73.945264,,719,719,719_F09_G22
513,720,Hunters Point Av,40.742216,-73.948916,1.0,720,720,720
514,720N,Hunters Point Av,40.742216,-73.948916,,720,720,720
515,720S,Hunters Point Av,40.742216,-73.948916,,720,720,720
516,721,Vernon Blvd-Jackson Av,40.742626,-73.953581,1.0,721,721,721
517,721N,Vernon Blvd-Jackson Av,40.742626,-73.953581,,721,721,721
518,721S,Vernon Blvd-Jackson Av,40.742626,-73.953581,,721,721,721
519,723,Grand Central-42 St,40.751431,-73.976041,1.0,723,723,631_723_901
520,723N,Grand Central-42 St,40.751431,-73.976041,,723,723,631_723_901
521,723S,Grand Central-42 St,40.751431,-73.976041,,723,723,631_723_901
522,724,5 Av,40.753821,-73.981963,1.0,724,724,724_D16
523,724N,5 Av,40.753821,-73.981963,,724,724,724_D16
524,724S,5 Av,40.753821,-73.981963,,724,724,724_D16
525,725,Times Sq-42 St,40.755477,-73.987691,1.0,725,725,127_725_902_A27_R16
526,725N,Times Sq-42 St,40.755477,-73.987691,,725,725,127_725_902_A27_R16
527,725S,Times Sq-42 St,40.755477,-73.987691,,725,725,127_725_902_A27_R16
528,726,34 St-Hudson Yards,40.755882,-74.00191,1.0,726,726,726
529,726N,34 St-Hudson Yards,40.755882,-74.00191,,726,726,726
530,726S,34 St-Hudson Yards,40.755882,-74.00191,,726,726,726
531,901,Grand Central-42 St,40.752769,-73.979189,1.0,901,901,631_723_901
532,901N,Grand Central-42 St,40.752769,-73.979189,,901,901,631_723_901
533,901S,Grand Central-42 St,40.752769,-73.979189,,901,901,631_723_901
534,902,Times Sq-42 St,40.755983,-73.986229,1.0,902,902,127_725_902_A27_R16
535,902N,Times Sq-42 St,40.755983,-73.986229,,902,902,127_725_902_A27_R16
536,902S,Times Sq-42 St,40.755983,-73.986229,,902,902,127_725_902_A27_R16
537,A02,Inwood-207 St,40.868072,-73.919899,1.0,A02,A02,A02
538,A02N,Inwood-207 St,40.868072,-73.919899,,A02,A02,A02
539,A02S,Inwood-207 St,40.868072,-73.919899,,A02,A02,A02
540,A03,Dyckman St,40.865491,-73.927271,1.0,A03,A03,A03
541,A03N,Dyckman St,40.865491,-73.927271,,A03,A03,A03
542,A03S,Dyckman St,40.865491,-73.927271,,A03,A03,A03
543,A05,190 St,40.859022,-73.93418,1.0,A05,A05,A05
544,A05N,190 St,40.859022,-73.93418,,A05,A05,A05
545,A05S,190 St,40.859022,-73.93418,,A05,A05,A05
546,A06,181 St,40.851695,-73.937969,1.0,A06,A06,A06
547,A06N,181 St,40.851695,-73.937969,,A06,A06,A06
548,A06S,181 St,40.851695,-73.937969,,A06,A06,A06
549,A07,175 St,40.847391,-73.939704,1.0,A07,A07,A07
550,A07N,175 St,40.847391,-73.939704,,A07,A07,A07
551,A07S,175 St,40.847391,-73.939704,,A07,A07,A07
552,A09,168 St,40.840719,-73.939561,1.0,A09,A09,112_A09
553,A09N,168 St,40.840719,-73.939561,,A09,A09,112_A09
554,A09S,168 St,40.840719,-73.939561,,A09,A09,112_A09
555,A10,163 St-Amsterdam Av,40.836013,-73.939892,1.0,A10,A10,A10
556,A10N,163 St-Amsterdam Av,40.836013,-73.939892,,A10,A10,A10
557,A10S,163 St-Amsterdam Av,40.836013,-73.939892,,A10,A10,A10
558,A11,155 St,40.830518,-73.941514,1.0,A11,A11,A11
559,A11N,155 St,40.830518,-73.941514,,A11,A11,A11
560,A11S,155 St,40.830518,-73.941514,,A11,A11,A11
561,A12,145 St,40.824783,-73.944216,1.0,A12,A12,A12_D13
562,A12N,145 St,40.824783,-73.944216,,A12,A12,A12_D13
563,A12S,145 St,40.824783,-73.944216,,A12,A12,A12_D13
564,A14,135 St,40.817894,-73.947649,1.0,A14,A14,A14
565,A14N,135 St,40.817894,-73.947649,,A14,A14,A14
566,A14S,135 St,40.817894,-73.947649,,A14,A14,A14
567,A15,125 St,40.811109,-73.952343,1.0,A15,A15,A15
568,A15N,125 St,40.811109,-73.952343,,A15,A15,A15
569,A15S,125 St,40.811109,-73.952343,,A15,A15,A15
570,A16,116 St,40.805085,-73.954882,1.0,A16,A16,A16
571,A16N,116 St,40.805085,-73.954882,,A16,A16,A16
572,A16S,116 St,40.805085,-73.954882,,A16,A16,A16
573,A17,Cathedral Pkwy (110 St),40.800603,-73.958161,1.0,A17,A17,A17
574,A17N,Cathedral Pkwy (110 St),40.800603,-73.958161,,A17,A17,A17
575,A17S,Cathedral Pkwy (110 St),40.800603,-73.958161,,A17,A17,A17
576,A18,103 St,40.796092,-73.961454,1.0,A18,A18,A18
577,A18N,103 St,40.796092,-73.961454,,A18,A18,A18
578,A18S,103 St,40.796092,-73.961454,,A18,A18,A18
579,A19,96 St,40.791642,-73.964696,1.0,A19,A19,A19
580,A19N,96 St,40.791642,-73.964696,,A19,A19,A19
581,A19S,96 St,40.791642,-73.964696,,A19,A19,A19
582,A20,86 St,40.785868,-73.968916,1.0,A20,A20,A20
583,A20N,86 St,40.785868,-73.968916,,A20,A20,A20
584,A20S,86 St,40.785868,-73.968916,,A20,A20,A20
585,A21,81 St-Museum of Natural History,40.781433,-73.972143,1.0,A21,A21,A21
586,A21N,81 St-Museum of Natural History,40.781433,-73.972143,,A21,A21,A21
587,A21S,81 St-Museum of Natural History,40.781433,-73.972143,,A21,A21,A21
588,A22,72 St,40.775594,-73.97641,1.0,A22,A22,A22
589,A22N,72 St,40.775594,-73.97641,,A22,A22,A22
590,A22S,72 St,40.775594,-73.97641,,A22,A22,A22
591,A24,59 St-Columbus Circle,40.768296,-73.981736,1.0,A24,A24,125_A24
592,A24N,59 St-Columbus Circle,40.768296,-73.981736,,A24,A24,125_A24
593,A24S,59 St-Columbus Circle,40.768296,-73.981736,,A24,A24,125_A24
594,A25,50 St,40.762456,-73.985984,1.0,A25,A25,A25
595,A25N,50 St,40.762456,-73.985984,,A25,A25,A25
596,A25S,50 St,40.762456,-73.985984,,A25,A25,A25
597,A27,42 St-Port Authority Bus Terminal,40.757308,-73.989735,1.0,A27,A27,127_725_902_A27_R16
598,A27N,42 St-Port Authority Bus Terminal,40.757308,-73.989735,,A27,A27,127_725_902_A27_R16
599,A27S,42 St-Port Authority Bus Terminal,40.757308,-73.989735,,A27,A27,127_725_902_A27_R16
600,A28,34 St-Penn Station,40.752287,-73.993391,1.0,A28,A28,A28
601,A28N,34 St-Penn Station,40.752287,-73.993391,,A28,A28,A28
602,A28S,34 St-Penn Station,40.752287,-73.993391,,A28,A28,A28
603,A30,23 St,40.745906,-73.998041,1.0,A30,A30,A30
604,A30N,23 St,40.745906,-73.998041,,A30,A30,A30
605,A30S,23 St,40.745906,-73.998041,,A30,A30,A30
606,A31,14 St,40.740893,-74.00169,1.0,A31,A31,A31_L01
607,A31N,14 St,40.740893,-74.00169,,A31,A31,A31_L01
608,A31S,14 St,40.740893,-74.00169,,A31,A31,A31_L01
609,A32,W 4 St-Wash Sq,40.732338,-74.000495,1.0,A32,A32,A32_D20
610,A32N,W 4 St-Wash Sq,40.732338,-74.000495,,A32,A32,A32_D20
611,A32S,W 4 St-Wash Sq,40.732338,-74.000495,,A32,A32,A32_D20
612,A33,Spring St,40.726227,-74.003739,1.0,A33,A33,A33
613,A33N,Spring St,40.726227,-74.003739,,A33,A33,A33
614,A33S,Spring St,40.726227,-74.003739,,A33,A33,A33
615,A34,Canal St,40.720824,-74.005229,1.0,A34,A34,A34
616,A34N,Canal St,40.720824,-74.005229,,A34,A34,A34
617,A34S,Canal St,40.720824,-74.005229,,A34,A34,A34
618,A36,Chambers St,40.714111,-74.008585,1.0,A36,A36,228_A36_E01_R25
619,A36N,Chambers St,40.714111,-74.008585,,A36,A36,228_A36_E01_R25
620,A36S,Chambers St,40.714111,-74.008585,,A36,A36,228_A36_E01_R25
621,A38,Fulton St,40.710197,-74.007691,1.0,A38,A38,229_418_A38_M22
622,A38N,Fulton St,40.710197,-74.007691,,A38,A38,229_418_A38_M22
623,A38S,Fulton St,40.710197,-74.007691,,A38,A38,229_418_A38_M22
624,A40,High St,40.699337,-73.990531,1.0,A40,A40,A40
625,A40N,High St,40.699337,-73.990531,,A40,A40,A40
626,A40S,High St,40.699337,-73.990531,,A40,A40,A40
627,A41,Jay St-MetroTech,40.692338,-73.987342,1.0,A41,A41,A41_R29
628,A41N,Jay St-MetroTech,40.692338,-73.987342,,A41,A41,A41_R29
629,A41S,Jay St-MetroTech,40.692338,-73.987342,,A41,A41,A41_R29
630,A42,Hoyt-Schermerhorn Sts,40.688484,-73.985001,1.0,A42,A42,A42
631,A42N,Hoyt-Schermerhorn Sts,40.688484,-73.985001,,A42,A42,A42
632,A42S,Hoyt-Schermerhorn Sts,40.688484,-73.985001,,A42,A42,A42
633,A43,Lafayette Av,40.686113,-73.973946,1.0,A43,A43,A43
634,A43N,Lafayette Av,40.686113,-73.973946,,A43,A43,A43
635,A43S,Lafayette Av,40.686113,-73.973946,,A43,A43,A43
636,A44,Clinton-Washington Avs,40.683263,-73.965838,1.0,A44,A44,A44
637,A44N,Clinton-Washington Avs,40.683263,-73.965838,,A44,A44,A44
638,A44S,Clinton-Washington Avs,40.683263,-73.965838,,A44,A44,A44
639,A45,Franklin Av,40.68138,-73.956848,1.0,A45,A45,A45_S01
640,A45N,Franklin Av,40.68138,-73.956848,,A45,A45,A45_S01
641,A45S,Franklin Av,40.68138,-73.956848,,A45,A45,A45_S01
642,A46,Nostrand Av,40.680438,-73.950426,1.0,A46,A46,A46
643,A46N,Nostrand Av,40.680438,-73.950426,,A46,A46,A46
644,A46S,Nostrand Av,40.680438,-73.950426,,A46,A46,A46
645,A47,Kingston-Throop Avs,40.679921,-73.940858,1.0,A47,A47,A47
646,A47N,Kingston-Throop Avs,40.679921,-73.940858,,A47,A47,A47
647,A47S,Kingston-Throop Avs,40.679921,-73.940858,,A47,A47,A47
648,A48,Utica Av,40.679364,-73.930729,1.0,A48,A48,A48
649,A48N,Utica Av,40.679364,-73.930729,,A48,A48,A48
650,A48S,Utica Av,40.679364,-73.930729,,A48,A48,A48
651,A49,Ralph Av,40.678822,-73.920786,1.0,A49,A49,A49
652,A49N,Ralph Av,40.678822,-73.920786,,A49,A49,A49
653,A49S,Ralph Av,40.678822,-73.920786,,A49,A49,A49
654,A50,Rockaway Av,40.67834,-73.911946,1.0,A50,A50,A50
655,A50N,Rockaway Av,40.67834,-73.911946,,A50,A50,A50
656,A50S,Rockaway Av,40.67834,-73.911946,,A50,A50,A50
657,A51,Broadway Junction,40.678334,-73.905316,1.0,A51,A51,A51_J27_L22
658,A51N,Broadway Junction,40.678334,-73.905316,,A51,A51,A51_J27_L22
659,A51S,Broadway Junction,40.678334,-73.905316,,A51,A51,A51_J27_L22
660,A52,Liberty Av,40.674542,-73.896548,1.0,A52,A52,A52
661,A52N,Liberty Av,40.674542,-73.896548,,A52,A52,A52
662,A52S,Liberty Av,40.674542,-73.896548,,A52,A52,A52
663,A53,Van Siclen Av,40.67271,-73.890358,1.0,A53,A53,A53
664,A53N,Van Siclen Av,40.67271,-73.890358,,A53,A53,A53
665,A53S,Van Siclen Av,40.67271,-73.890358,,A53,A53,A53
666,A54,Shepherd Av,40.67413,-73.88075,1.0,A54,A54,A54
667,A54N,Shepherd Av,40.67413,-73.88075,,A54,A54,A54
668,A54S,Shepherd Av,40.67413,-73.88075,,A54,A54,A54
669,A55,Euclid Av,40.675377,-73.872106,1.0,A55,A55,A55
670,A55N,Euclid Av,40.675377,-73.872106,,A55,A55,A55
671,A55S,Euclid Av,40.675377,-73.872106,,A55,A55,A55
672,A57,Grant Av,40.677044,-73.86505,1.0,A57,A57,A57
673,A57N,Grant Av,40.677044,-73.86505,,A57,A57,A57
674,A57S,Grant Av,40.677044,-73.86505,,A57,A57,A57
675,A59,80 St,40.679371,-73.858992,1.0,A59,A59,A59
676,A59N,80 St,40.679371,-73.858992,,A59,A59,A59
677,A59S,80 St,40.679371,-73.858992,,A59,A59,A59
678,A60,88 St,40.679843,-73.85147,1.0,A60,A60,A60
679,A60N,88 St,40.679843,-73.85147,,A60,A60,A60
680,A60S,88 St,40.679843,-73.85147,,A60,A60,A60
681,A61,Rockaway Blvd,40.680429,-73.843853,1.0,A61,A61,A61
682,A61N,Rockaway Blvd,40.680429,-73.843853,,A61,A61,A61
683,A61S,Rockaway Blvd,40.680429,-73.843853,,A61,A61,A61
684,A63,104 St,40.681711,-73.837683,1.0,A63,A63,A63
685,A63N,104 St,40.681711,-73.837683,,A63,A63,A63
686,A63S,104 St,40.681711,-73.837683,,A63,A63,A63
687,A64,111 St,40.684331,-73.832163,1.0,A64,A64,A64
688,A64N,111 St,40.684331,-73.832163,,A64,A64,A64
689,A64S,111 St,40.684331,-73.832163,,A64,A64,A64
690,A65,Ozone Park-Lefferts Blvd,40.685951,-73.825798,1.0,A65,A65,A65
691,A65N,Ozone Park-Lefferts Blvd,40.685951,-73.825798,,A65,A65,A65
692,A65S,Ozone Park-Lefferts Blvd,40.685951,-73.825798,,A65,A65,A65
693,B04,21 St-Queensbridge,40.754203,-73.942836,1.0,B04,B04,B04
694,B04N,21 St-Queensbridge,40.754203,-73.942836,,B04,B04,B04
695,B04S,21 St-Queensbridge,40.754203,-73.942836,,B04,B04,B04
696,B06,Roosevelt Island,40.759145,-73.95326,1.0,B06,B06,B06
697,B06N,Roosevelt Island,40.759145,-73.95326,,B06,B06,B06
698,B06S,Roosevelt Island,40.759145,-73.95326,,B06,B06,B06
699,B08,Lexington Av/63 St,40.764629,-73.966113,1.0,B08,B08,B08
700,B08N,Lexington Av/63 St,40.764629,-73.966113,,B08,B08,B08
701,B08S,Lexington Av/63 St,40.764629,-73.966113,,B08,B08,B08
702,B10,57 St,40.763972,-73.97745,1.0,B10,B10,B10
703,B10N,57 St,40.763972,-73.97745,,B10,B10,B10
704,B10S,57 St,40.763972,-73.97745,,B10,B10,B10
705,B12,9 Av,40.646292,-73.994324,1.0,B12,B12,B12
706,B12N,9 Av,40.646292,-73.994324,,B12,B12,B12
707,B12S,9 Av,40.646292,-73.994324,,B12,B12,B12
708,B13,Fort Hamilton Pkwy,40.640914,-73.994304,1.0,B13,B13,B13
709,B13N,Fort Hamilton Pkwy,40.640914,-73.994304,,B13,B13,B13
710,B13S,Fort Hamilton Pkwy,40.640914,-73.994304,,B13,B13,B13
711,B14,50 St,40.63626,-73.994791,1.0,B14,B14,B14
712,B14N,50 St,40.63626,-73.994791,,B14,B14,B14
713,B14S,50 St,40.63626,-73.994791,,B14,B14,B14
714,B15,55 St,40.631435,-73.995476,1.0,B15,B15,B15
715,B15N,55 St,40.631435,-73.995476,,B15,B15,B15
716,B15S,55 St,40.631435,-73.995476,,B15,B15,B15
717,B16,62 St,40.626472,-73.996895,1.0,B16,B16,B16_N04
718,B16N,62 St,40.626472,-73.996895,,B16,B16,B16_N04
719,B16S,62 St,40.626472,-73.996895,,B16,B16,B16_N04
720,B17,71 St,40.619589,-73.998864,1.0,B17,B17,B17
721,B17N,71 St,40.619589,-73.998864,,B17,B17,B17
722,B17S,71 St,40.619589,-73.998864,,B17,B17,B17
723,B18,79 St,40.613501,-74.00061,1.0,B18,B18,B18
724,B18N,79 St,40.613501,-74.00061,,B18,B18,B18
725,B18S,79 St,40.613501,-74.00061,,B18,B18,B18
726,B19,18 Av,40.607954,-74.001736,1.0,B19,B19,B19
727,B19N,18 Av,40.607954,-74.001736,,B19,B19,B19
728,B19S,18 Av,40.607954,-74.001736,,B19,B19,B19
729,B20,20 Av,40.604556,-73.998168,1.0,B20,B20,B20
730,B20N,20 Av,40.604556,-73.998168,,B20,B20,B20
731,B20S,20 Av,40.604556,-73.998168,,B20,B20,B20
732,B21,Bay Pkwy,40.601875,-73.993728,1.0,B21,B21,B21
733,B21N,Bay Pkwy,40.601875,-73.993728,,B21,B21,B21
734,B21S,Bay Pkwy,40.601875,-73.993728,,B21,B21,B21
735,B22,25 Av,40.597704,-73.986829,1.0,B22,B22,B22
736,B22N,25 Av,40.597704,-73.986829,,B22,B22,B22
737,B22S,25 Av,40.597704,-73.986829,,B22,B22,B22
738,B23,Bay 50 St,40.588841,-73.983765,1.0,B23,B23,B23
739,B23N,Bay 50 St,40.588841,-73.983765,,B23,B23,B23
740,B23S,Bay 50 St,40.588841,-73.983765,,B23,B23,B23
741,D01,Norwood-205 St,40.874811,-73.878855,1.0,D01,D01,D01
742,D01N,Norwood-205 St,40.874811,-73.878855,,D01,D01,D01
743,D01S,Norwood-205 St,40.874811,-73.878855,,D01,D01,D01
744,D03,Bedford Park Blvd,40.873244,-73.887138,1.0,D03,D03,D03
745,D03N,Bedford Park Blvd,40.873244,-73.887138,,D03,D03,D03
746,D03S,Bedford Park Blvd,40.873244,-73.887138,,D03,D03,D03
747,D04,Kingsbridge Rd,40.866978,-73.893509,1.0,D04,D04,D04
748,D04N,Kingsbridge Rd,40.866978,-73.893509,,D04,D04,D04
749,D04S,Kingsbridge Rd,40.866978,-73.893509,,D04,D04,D04
750,D05,Fordham Rd,40.861296,-73.897749,1.0,D05,D05,D05
751,D05N,Fordham Rd,40.861296,-73.897749,,D05,D05,D05
752,D05S,Fordham Rd,40.861296,-73.897749,,D05,D05,D05
753,D06,182-183 Sts,40.856093,-73.900741,1.0,D06,D06,D06
754,D06N,182-183 Sts,40.856093,-73.900741,,D06,D06,D06
755,D06S,182-183 Sts,40.856093,-73.900741,,D06,D06,D06
756,D07,Tremont Av,40.85041,-73.905227,1.0,D07,D07,D07
757,D07N,Tremont Av,40.85041,-73.905227,,D07,D07,D07
758,D07S,Tremont Av,40.85041,-73.905227,,D07,D07,D07
759,D08,174-175 Sts,40.8459,-73.910136,1.0,D08,D08,D08
760,D08N,174-175 Sts,40.8459,-73.910136,,D08,D08,D08
761,D08S,174-175 Sts,40.8459,-73.910136,,D08,D08,D08
762,D09,170 St,40.839306,-73.9134,1.0,D09,D09,D09
763,D09N,170 St,40.839306,-73.9134,,D09,D09,D09
764,D09S,170 St,40.839306,-73.9134,,D09,D09,D09
765,D10,167 St,40.833771,-73.91844,1.0,D10,D10,D10
766,D10N,167 St,40.833771,-73.91844,,D10,D10,D10
767,D10S,167 St,40.833771,-73.91844,,D10,D10,D10
768,D11,161 St-Yankee Stadium,40.827905,-73.925651,1.0,D11,D11,414_D11
769,D11N,161 St-Yankee Stadium,40.827905,-73.925651,,D11,D11,414_D11
770,D11S,161 St-Yankee Stadium,40.827905,-73.925651,,D11,D11,414_D11
771,D12,155 St,40.830135,-73.938209,1.0,D12,D12,D12
772,D12N,155 St,40.830135,-73.938209,,D12,D12,D12
773,D12S,155 St,40.830135,-73.938209,,D12,D12,D12
774,D13,145 St,40.824783,-73.944216,1.0,D13,D13,A12_D13
775,D13N,145 St,40.824783,-73.944216,,D13,D13,A12_D13
776,D13S,145 St,40.824783,-73.944216,,D13,D13,A12_D13
777,D14,7 Av,40.762862,-73.981637,1.0,D14,D14,D14
778,D14N,7 Av,40.762862,-73.981637,,D14,D14,D14
779,D14S,7 Av,40.762862,-73.981637,,D14,D14,D14
780,D15,47-50 Sts-Rockefeller Ctr,40.758663,-73.981329,1.0,D15,D15,D15
781,D15N,47-50 Sts-Rockefeller Ctr,40.758663,-73.981329,,D15,D15,D15
782,D15S,47-50 Sts-Rockefeller Ctr,40.758663,-73.981329,,D15,D15,D15
783,D16,42 St-Bryant Pk,40.754222,-73.984569,1.0,D16,D16,724_D16
784,D16N,42 St-Bryant Pk,40.754222,-73.984569,,D16,D16,724_D16
785,D16S,42 St-Bryant Pk,40.754222,-73.984569,,D16,D16,724_D16
786,D17,34 St-Herald Sq,40.749719,-73.987823,1.0,D17,D17,D17_R17
787,D17N,34 St-Herald Sq,40.749719,-73.987823,,D17,D17,D17_R17
788,D17S,34 St-Herald Sq,40.749719,-73.987823,,D17,D17,D17_R17
789,D18,23 St,40.742878,-73.992821,1.0,D18,D18,D18
790,D18N,23 St,40.742878,-73.992821,,D18,D18,D18
791,D18S,23 St,40.742878,-73.992821,,D18,D18,D18
792,D19,14 St,40.738228,-73.996209,1.0,D19,D19,132_D19_L02
793,D19N,14 St,40.738228,-73.996209,,D19,D19,132_D19_L02
794,D19S,14 St,40.738228,-73.996209,,D19,D19,132_D19_L02
795,D20,W 4 St-Wash Sq,40.732338,-74.000495,1.0,D20,D20,A32_D20
796,D20N,W 4 St-Wash Sq,40.732338,-74.000495,,D20,D20,A32_D20
797,D20S,W 4 St-Wash Sq,40.732338,-74.000495,,D20,D20,A32_D20
798,D21,Broadway-Lafayette St,40.725297,-73.996204,1.0,D21,D21,637_D21
799,D21N,Broadway-Lafayette St,40.725297,-73.996204,,D21,D21,637_D21
800,D21S,Broadway-Lafayette St,40.725297,-73.996204,,D21,D21,637_D21
801,D22,Grand St,40.718267,-73.993753,1.0,D22,D22,D22
802,D22N,Grand St,40.718267,-73.993753,,D22,D22,D22
803,D22S,Grand St,40.718267,-73.993753,,D22,D22,D22
804,D24,Atlantic Av-Barclays Ctr,40.68446,-73.97689,1.0,D24,D24,235_D24_R31
805,D24N,Atlantic Av-Barclays Ctr,40.68446,-73.97689,,D24,D24,235_D24_R31
806,D24S,Atlantic Av-Barclays Ctr,40.68446,-73.97689,,D24,D24,235_D24_R31
807,D25,7 Av,40.67705,-73.972367,1.0,D25,D25,D25
808,D25N,7 Av,40.67705,-73.972367,,D25,D25,D25
809,D25S,7 Av,40.67705,-73.972367,,D25,D25,D25
810,D26,Prospect Park,40.661614,-73.962246,1.0,D26,D26,D26
811,D26N,Prospect Park,40.661614,-73.962246,,D26,D26,D26
812,D26S,Prospect Park,40.661614,-73.962246,,D26,D26,D26
813,D27,Parkside Av,40.655292,-73.961495,1.0,D27,D27,D27
814,D27N,Parkside Av,40.655292,-73.961495,,D27,D27,D27
815,D27S,Parkside Av,40.655292,-73.961495,,D27,D27,D27
816,D28,Church Av,40.650527,-73.962982,1.0,D28,D28,D28
817,D28N,Church Av,40.650527,-73.962982,,D28,D28,D28
818,D28S,Church Av,40.650527,-73.962982,,D28,D28,D28
819,D29,Beverley Rd,40.644031,-73.964492,1.0,D29,D29,D29
820,D29N,Beverley Rd,40.644031,-73.964492,,D29,D29,D29
821,D29S,Beverley Rd,40.644031,-73.964492,,D29,D29,D29
822,D30,Cortelyou Rd,40.640927,-73.963891,1.0,D30,D30,D30
823,D30N,Cortelyou Rd,40.640927,-73.963891,,D30,D30,D30
824,D30S,Cortelyou Rd,40.640927,-73.963891,,D30,D30,D30
825,D31,Newkirk Plaza,40.635082,-73.962793,1.0,D31,D31,D31
826,D31N,Newkirk Plaza,40.635082,-73.962793,,D31,D31,D31
827,D31S,Newkirk Plaza,40.635082,-73.962793,,D31,D31,D31
828,D32,Avenue H,40.62927,-73.961639,1.0,D32,D32,D32
829,D32N,Avenue H,40.62927,-73.961639,,D32,D32,D32
830,D32S,Avenue H,40.62927,-73.961639,,D32,D32,D32
831,D33,Avenue J,40.625039,-73.960803,1.0,D33,D33,D33
832,D33N,Avenue J,40.625039,-73.960803,,D33,D33,D33
833,D33S,Avenue J,40.625039,-73.960803,,D33,D33,D33
834,D34,Avenue M,40.617618,-73.959399,1.0,D34,D34,D34
835,D34N,Avenue M,40.617618,-73.959399,,D34,D34,D34
836,D34S,Avenue M,40.617618,-73.959399,,D34,D34,D34
837,D35,Kings Hwy,40.60867,-73.957734,1.0,D35,D35,D35
838,D35N,Kings Hwy,40.60867,-73.957734,,D35,D35,D35
839,D35S,Kings Hwy,40.60867,-73.957734,,D35,D35,D35
840,D37,Avenue U,40.5993,-73.955929,1.0,D37,D37,D37
841,D37N,Avenue U,40.5993,-73.955929,,D37,D37,D37
842,D37S,Avenue U,40.5993,-73.955929,,D37,D37,D37
843,D38,Neck Rd,40.595246,-73.955161,1.0,D38,D38,D38
844,D38N,Neck Rd,40.595246,-73.955161,,D38,D38,D38
845,D38S,Neck Rd,40.595246,-73.955161,,D38,D38,D38
846,D39,Sheepshead Bay,40.586896,-73.954155,1.0,D39,D39,D39
847,D39N,Sheepshead Bay,40.586896,-73.954155,,D39,D39,D39
848,D39S,Sheepshead Bay,40.586896,-73.954155,,D39,D39,D39
849,D40,Brighton Beach,40.577621,-73.961376,1.0,D40,D40,D40
850,D40N,Brighton Beach,40.577621,-73.961376,,D40,D40,D40
851,D40S,Brighton Beach,40.577621,-73.961376,,D40,D40,D40
852,D41,Ocean Pkwy,40.576312,-73.968501,1.0,D41,D41,D41
853,D41N,Ocean Pkwy,40.576312,-73.968501,,D41,D41,D41
854,D41S,Ocean Pkwy,40.576312,-73.968501,,D41,D41,D41
855,D42,W 8 St-NY Aquarium,40.576127,-73.975939,1.0,D42,D42,D42
856,D42N,W 8 St-NY Aquarium,40.576127,-73.975939,,D42,D42,D42
857,D42S,W 8 St-NY Aquarium,40.576127,-73.975939,,D42,D42,D42
858,D43,Coney Island-Stillwell Av,40.577422,-73.981233,1.0,D43,D43,D43
859,D43N,Coney Island-Stillwell Av,40.577422,-73.981233,,D43,D43,D43
860,D43S,Coney Island-Stillwell Av,40.577422,-73.981233,,D43,D43,D43
861,E01,World Trade Center,40.712582,-74.009781,1.0,E01,E01,228_A36_E01_R25
862,E01N,World Trade Center,40.712582,-74.009781,,E01,E01,228_A36_E01_R25
863,E01S,World Trade Center,40.712582,-74.009781,,E01,E01,228_A36_E01_R25
864,F01,Jamaica-179 St,40.712646,-73.783817,1.0,F01,F01,F01
865,F01N,Jamaica-179 St,40.712646,-73.783817,,F01,F01,F01
866,F01S,Jamaica-179 St,40.712646,-73.783817,,F01,F01,F01
867,F02,169 St,40.71047,-73.793604,1.0,F02,F02,F02
868,F02N,169 St,40.71047,-73.793604,,F02,F02,F02
869,F02S,169 St,40.71047,-73.793604,,F02,F02,F02
870,F03,Parsons Blvd,40.707564,-73.803326,1.0,F03,F03,F03
871,F03N,Parsons Blvd,40.707564,-73.803326,,F03,F03,F03
872,F03S,Parsons Blvd,40.707564,-73.803326,,F03,F03,F03
873,F04,Sutphin Blvd,40.70546,-73.810708,1.0,F04,F04,F04
874,F04N,Sutphin Blvd,40.70546,-73.810708,,F04,F04,F04
875,F04S,Sutphin Blvd,40.70546,-73.810708,,F04,F04,F04
876,F05,Briarwood,40.709179,-73.820574,1.0,F05,F05,F05
877,F05N,Briarwood,40.709179,-73.820574,,F05,F05,F05
878,F05S,Briarwood,40.709179,-73.820574,,F05,F05,F05
879,F06,Kew Gardens-Union Tpke,40.714441,-73.831008,1.0,F06,F06,F06
880,F06N,Kew Gardens-Union Tpke,40.714441,-73.831008,,F06,F06,F06
881,F06S,Kew Gardens-Union Tpke,40.714441,-73.831008,,F06,F06,F06
882,F07,75 Av,40.718331,-73.837324,1.0,F07,F07,F07
883,F07N,75 Av,40.718331,-73.837324,,F07,F07,F07
884,F07S,75 Av,40.718331,-73.837324,,F07,F07,F07
885,F09,Court Sq-23 St,40.747846,-73.946,1.0,F09,F09,719_F09_G22
886,F09N,Court Sq-23 St,40.747846,-73.946,,F09,F09,719_F09_G22
887,F09S,Court Sq-23 St,40.747846,-73.946,,F09,F09,719_F09_G22
888,F11,Lexington Av/53 St,40.757552,-73.969055,1.0,F11,F11,630_F11
889,F11N,Lexington Av/53 St,40.757552,-73.969055,,F11,F11,630_F11
890,F11S,Lexington Av/53 St,40.757552,-73.969055,,F11,F11,630_F11
891,F12,5 Av/53 St,40.760167,-73.975224,1.0,F12,F12,F12
892,F12N,5 Av/53 St,40.760167,-73.975224,,F12,F12,F12
893,F12S,5 Av/53 St,40.760167,-73.975224,,F12,F12,F12
894,F14,2 Av,40.723402,-73.989938,1.0,F14,F14,F14
895,F14N,2 Av,40.723402,-73.989938,,F14,F14,F14
896,F14S,2 Av,40.723402,-73.989938,,F14,F14,F14
897,F15,Delancey St-Essex St,40.718611,-73.988114,1.0,F15,F15,F15_M18
898,F15N,Delancey St-Essex St,40.718611,-73.988114,,F15,F15,F15_M18
899,F15S,Delancey St-Essex St,40.718611,-73.988114,,F15,F15,F15_M18
900,F16,East Broadway,40.713715,-73.990173,1.0,F16,F16,F16
901,F16N,East Broadway,40.713715,-73.990173,,F16,F16,F16
902,F16S,East Broadway,40.713715,-73.990173,,F16,F16,F16
903,F18,York St,40.701397,-73.986751,1.0,F18,F18,F18
904,F18N,York St,40.701397,-73.986751,,F18,F18,F18
905,F18S,York St,40.701397,-73.986751,,F18,F18,F18
906,F20,Bergen St,40.686145,-73.990862,1.0,F20,F20,F20
907,F20N,Bergen St,40.686145,-73.990862,,F20,F20,F20
908,F20S,Bergen St,40.686145,-73.990862,,F20,F20,F20
909,F21,Carroll St,40.680303,-73.995048,1.0,F21,F21,F21
910,F21N,Carroll St,40.680303,-73.995048,,F21,F21,F21
911,F21S,Carroll St,40.680303,-73.995048,,F21,F21,F21
912,F22,Smith-9 Sts,40.67358,-73.995959,1.0,F22,F22,F22
913,F22N,Smith-9 Sts,40.67358,-73.995959,,F22,F22,F22
914,F22S,Smith-9 Sts,40.67358,-73.995959,,F22,F22,F22
915,F23,4 Av-9 St,40.670272,-73.989779,1.0,F23,F23,F23_R33
916,F23N,4 Av-9 St,40.670272,-73.989779,,F23,F23,F23_R33
917,F23S,4 Av-9 St,40.670272,-73.989779,,F23,F23,F23_R33
918,F24,7 Av,40.666271,-73.980305,1.0,F24,F24,F24
919,F24N,7 Av,40.666271,-73.980305,,F24,F24,F24
920,F24S,7 Av,40.666271,-73.980305,,F24,F24,F24
921,F25,15 St-Prospect Park,40.660365,-73.979493,1.0,F25,F25,F25
922,F25N,15 St-Prospect Park,40.660365,-73.979493,,F25,F25,F25
923,F25S,15 St-Prospect Park,40.660365,-73.979493,,F25,F25,F25
924,F26,Fort Hamilton Pkwy,40.650782,-73.975776,1.0,F26,F26,F26
925,F26N,Fort Hamilton Pkwy,40.650782,-73.975776,,F26,F26,F26
926,F26S,Fort Hamilton Pkwy,40.650782,-73.975776,,F26,F26,F26
927,F27,Church Av,40.644041,-73.979678,1.0,F27,F27,F27
928,F27N,Church Av,40.644041,-73.979678,,F27,F27,F27
929,F27S,Church Av,40.644041,-73.979678,,F27,F27,F27
930,F29,Ditmas Av,40.636119,-73.978172,1.0,F29,F29,F29
931,F29N,Ditmas Av,40.636119,-73.978172,,F29,F29,F29
932,F29S,Ditmas Av,40.636119,-73.978172,,F29,F29,F29
933,F30,18 Av,40.629755,-73.976971,1.0,F30,F30,F30
934,F30N,18 Av,40.629755,-73.976971,,F30,F30,F30
935,F30S,18 Av,40.629755,-73.976971,,F30,F30,F30
936,F31,Avenue I,40.625322,-73.976127,1.0,F31,F31,F31
937,F31N,Avenue I,40.625322,-73.976127,,F31,F31,F31
938,F31S,Avenue I,40.625322,-73.976127,,F31,F31,F31
939,F32,Bay Pkwy,40.620769,-73.975264,1.0,F32,F32,F32
940,F32N,Bay Pkwy,40.620769,-73.975264,,F32,F32,F32
941,F32S,Bay Pkwy,40.620769,-73.975264,,F32,F32,F32
942,F33,Avenue N,40.61514,-73.974197,1.0,F33,F33,F33
943,F33N,Avenue N,40.61514,-73.974197,,F33,F33,F33
944,F33S,Avenue N,40.61514,-73.974197,,F33,F33,F33
945,F34,Avenue P,40.608944,-73.973022,1.0,F34,F34,F34
946,F34N,Avenue P,40.608944,-73.973022,,F34,F34,F34
947,F34S,Avenue P,40.608944,-73.973022,,F34,F34,F34
948,F35,Kings Hwy,40.603217,-73.972361,1.0,F35,F35,F35
949,F35N,Kings Hwy,40.603217,-73.972361,,F35,F35,F35
950,F35S,Kings Hwy,40.603217,-73.972361,,F35,F35,F35
951,F36,Avenue U,40.596063,-73.973357,1.0,F36,F36,F36
952,F36N,Avenue U,40.596063,-73.973357,,F36,F36,F36
953,F36S,Avenue U,40.596063,-73.973357,,F36,F36,F36
954,F38,Avenue X,40.58962,-73.97425,1.0,F38,F38,F38
955,F38N,Avenue X,40.58962,-73.97425,,F38,F38,F38
956,F38S,Avenue X,40.58962,-73.97425,,F38,F38,F38
957,F39,Neptune Av,40.581011,-73.974574,1.0,F39,F39,F39
958,F39N,Neptune Av,40.581011,-73.974574,,F39,F39,F39
959,F39S,Neptune Av,40.581011,-73.974574,,F39,F39,F39
960,G05,Jamaica Center-Parsons/Archer,40.702147,-73.801109,1.0,G05,G05,G05
961,G05N,Jamaica Center-Parsons/Archer,40.702147,-73.801109,,G05,G05,G05
962,G05S,Jamaica Center-Parsons/Archer,40.702147,-73.801109,,G05,G05,G05
963,G06,Sutphin Blvd-Archer Av-JFK Airport,40.700486,-73.807969,1.0,G06,G06,G06
964,G06N,Sutphin Blvd-Archer Av-JFK Airport,40.700486,-73.807969,,G06,G06,G06
965,G06S,Sutphin Blvd-Archer Av-JFK Airport,40.700486,-73.807969,,G06,G06,G06
966,G07,Jamaica-Van Wyck,40.702566,-73.816859,1.0,G07,G07,G07
967,G07N,Jamaica-Van Wyck,40.702566,-73.816859,,G07,G07,G07
968,G07S,Jamaica-Van Wyck,40.702566,-73.816859,,G07,G07,G07
969,G08,Forest Hills-71 Av,40.721691,-73.844521,1.0,G08,G08,G08
970,G08N,Forest Hills-71 Av,40.721691,-73.844521,,G08,G08,G08
971,G08S,Forest Hills-71 Av,40.721691,-73.844521,,G08,G08,G08
972,G09,67 Av,40.726523,-73.852719,1.0,G09,G09,G09
973,G09N,67 Av,40.726523,-73.852719,,G09,G09,G09
974,G09S,67 Av,40.726523,-73.852719,,G09,G09,G09
975,G10,63 Dr-Rego Park,40.729846,-73.861604,1.0,G10,G10,G10
976,G10N,63 Dr-Rego Park,40.729846,-73.861604,,G10,G10,G10
977,G10S,63 Dr-Rego Park,40.729846,-73.861604,,G10,G10,G10
978,G11,Woodhaven Blvd,40.733106,-73.869229,1.0,G11,G11,G11
979,G11N,Woodhaven Blvd,40.733106,-73.869229,,G11,G11,G11
980,G11S,Woodhaven Blvd,40.733106,-73.869229,,G11,G11,G11
981,G12,Grand Av-Newtown,40.737015,-73.877223,1.0,G12,G12,G12
982,G12N,Grand Av-Newtown,40.737015,-73.877223,,G12,G12,G12
983,G12S,Grand Av-Newtown,40.737015,-73.877223,,G12,G12,G12
984,G13,Elmhurst Av,40.742454,-73.882017,1.0,G13,G13,G13
985,G13N,Elmhurst Av,40.742454,-73.882017,,G13,G13,G13
986,G13S,Elmhurst Av,40.742454,-73.882017,,G13,G13,G13
987,G14,Jackson Hts-Roosevelt Av,40.746644,-73.891338,1.0,G14,G14,710_G14
988,G14N,Jackson Hts-Roosevelt Av,40.746644,-73.891338,,G14,G14,710_G14
989,G14S,Jackson Hts-Roosevelt Av,40.746644,-73.891338,,G14,G14,710_G14
990,G15,65 St,40.749669,-73.898453,1.0,G15,G15,G15
991,G15N,65 St,40.749669,-73.898453,,G15,G15,G15
992,G15S,65 St,40.749669,-73.898453,,G15,G15,G15
993,G16,Northern Blvd,40.752885,-73.906006,1.0,G16,G16,G16
994,G16N,Northern Blvd,40.752885,-73.906006,,G16,G16,G16
995,G16S,Northern Blvd,40.752885,-73.906006,,G16,G16,G16
996,G18,46 St,40.756312,-73.913333,1.0,G18,G18,G18
997,G18N,46 St,40.756312,-73.913333,,G18,G18,G18
998,G18S,46 St,40.756312,-73.913333,,G18,G18,G18
999,G19,Steinway St,40.756879,-73.92074,1.0,G19,G19,G19
1000,G19N,Steinway St,40.756879,-73.92074,,G19,G19,G19
1001,G19S,Steinway St,40.756879,-73.92074,,G19,G19,G19
1002,G20,36 St,40.752039,-73.928781,1.0,G20,G20,G20
1003,G20N,36 St,40.752039,-73.928781,,G20,G20,G20
1004,G20S,36 St,40.752039,-73.928781,,G20,G20,G20
1005,G21,Queens Plaza,40.748973,-73.937243,1.0,G21,G21,G21
1006,G21N,Queens Plaza,40.748973,-73.937243,,G21,G21,G21
1007,G21S,Queens Plaza,40.748973,-73.937243,,G21,G21,G21
1008,G22,Court Sq,40.746554,-73.943832,1.0,G22,G22,719_F09_G22
1009,G22N,Court Sq,40.746554,-73.943832,,G22,G22,719_F09_G22
1010,G22S,Court Sq,40.746554,-73.943832,,G22,G22,719_F09_G22
1011,G24,21 St,40.744065,-73.949724,1.0,G24,G24,G24
1012,G24N,21 St,40.744065,-73.949724,,G24,G24,G24
1013,G24S,21 St,40.744065,-73.949724,,G24,G24,G24
1014,G26,Greenpoint Av,40.731352,-73.954449,1.0,G26,G26,G26
1015,G26N,Greenpoint Av,40.731352,-73.954449,,G26,G26,G26
1016,G26S,Greenpoint Av,40.731352,-73.954449,,G26,G26,G26
1017,G28,Nassau Av,40.724635,-73.951277,1.0,G28,G28,G28
1018,G28N,Nassau Av,40.724635,-73.951277,,G28,G28,G28
1019,G28S,Nassau Av,40.724635,-73.951277,,G28,G28,G28
1020,G29,Metropolitan Av,40.712792,-73.951418,1.0,G29,G29,G29_L10
1021,G29N,Metropolitan Av,40.712792,-73.951418,,G29,G29,G29_L10
1022,G29S,Metropolitan Av,40.712792,-73.951418,,G29,G29,G29_L10
1023,G30,Broadway,40.706092,-73.950308,1.0,G30,G30,G30
1024,G30N,Broadway,40.706092,-73.950308,,G30,G30,G30
1025,G30S,Broadway,40.706092,-73.950308,,G30,G30,G30
1026,G31,Flushing Av,40.700377,-73.950234,1.0,G31,G31,G31
1027,G31N,Flushing Av,40.700377,-73.950234,,G31,G31,G31
1028,G31S,Flushing Av,40.700377,-73.950234,,G31,G31,G31
1029,G32,Myrtle-Willoughby Avs,40.694568,-73.949046,1.0,G32,G32,G32
1030,G32N,Myrtle-Willoughby Avs,40.694568,-73.949046,,G32,G32,G32
1031,G32S,Myrtle-Willoughby Avs,40.694568,-73.949046,,G32,G32,G32
1032,G33,Bedford-Nostrand Avs,40.689627,-73.953522,1.0,G33,G33,G33
1033,G33N,Bedford-Nostrand Avs,40.689627,-73.953522,,G33,G33,G33
1034,G33S,Bedford-Nostrand Avs,40.689627,-73.953522,,G33,G33,G33
1035,G34,Classon Av,40.688873,-73.96007,1.0,G34,G34,G34
1036,G34N,Classon Av,40.688873,-73.96007,,G34,G34,G34
1037,G34S,Classon Av,40.688873,-73.96007,,G34,G34,G34
1038,G35,Clinton-Washington Avs,40.688089,-73.966839,1.0,G35,G35,G35
1039,G35N,Clinton-Washington Avs,40.688089,-73.966839,,G35,G35,G35
1040,G35S,Clinton-Washington Avs,40.688089,-73.966839,,G35,G35,G35
1041,G36,Fulton St,40.687119,-73.975375,1.0,G36,G36,G36
1042,G36N,Fulton St,40.687119,-73.975375,,G36,G36,G36
1043,G36S,Fulton St,40.687119,-73.975375,,G36,G36,G36
1044,H01,Aqueduct Racetrack,40.668234,-73.834058,1.0,H01,H01,H01
1045,H01N,Aqueduct Racetrack,40.668234,-73.834058,,H01,H01,H01
1046,H01S,Aqueduct Racetrack,40.668234,-73.834058,,H01,H01,H01
1047,H02,Aqueduct-N Conduit Av,40.668234,-73.834058,1.0,H02,H02,H02
1048,H02N,Aqueduct-N Conduit Av,40.668234,-73.834058,,H02,H02,H02
1049,H02S,Aqueduct-N Conduit Av,40.668234,-73.834058,,H02,H02,H02
1050,H03,Howard Beach-JFK Airport,40.660476,-73.830301,1.0,H03,H03,H03
1051,H03N,Howard Beach-JFK Airport,40.660476,-73.830301,,H03,H03,H03
1052,H03S,Howard Beach-JFK Airport,40.660476,-73.830301,,H03,H03,H03
1053,H04,Broad Channel,40.608382,-73.815925,1.0,H04,H04,H04
1054,H04N,Broad Channel,40.608382,-73.815925,,H04,H04,H04
1055,H04S,Broad Channel,40.608382,-73.815925,,H04,H04,H04
1056,H06,Beach 67 St,40.590927,-73.796924,1.0,H06,H06,H06
1057,H06N,Beach 67 St,40.590927,-73.796924,,H06,H06,H06
1058,H06S,Beach 67 St,40.590927,-73.796924,,H06,H06,H06
1059,H07,Beach 60 St,40.592374,-73.788522,1.0,H07,H07,H07
1060,H07N,Beach 60 St,40.592374,-73.788522,,H07,H07,H07
1061,H07S,Beach 60 St,40.592374,-73.788522,,H07,H07,H07
1062,H08,Beach 44 St,40.592943,-73.776013,1.0,H08,H08,H08
1063,H08N,Beach 44 St,40.592943,-73.776013,,H08,H08,H08
1064,H08S,Beach 44 St,40.592943,-73.776013,,H08,H08,H08
1065,H09,Beach 36 St,40.595398,-73.768175,1.0,H09,H09,H09
1066,H09N,Beach 36 St,40.595398,-73.768175,,H09,H09,H09
1067,H09S,Beach 36 St,40.595398,-73.768175,,H09,H09,H09
1068,H10,Beach 25 St,40.600066,-73.761353,1.0,H10,H10,H10
1069,H10N,Beach 25 St,40.600066,-73.761353,,H10,H10,H10
1070,H10S,Beach 25 St,40.600066,-73.761353,,H10,H10,H10
1071,H11,Far Rockaway-Mott Av,40.603995,-73.755405,1.0,H11,H11,H11
1072,H11N,Far Rockaway-Mott Av,40.603995,-73.755405,,H11,H11,H11
1073,H11S,Far Rockaway-Mott Av,40.603995,-73.755405,,H11,H11,H11
1074,H12,Beach 90 St,40.588034,-73.813641,1.0,H12,H12,H12
1075,H12N,Beach 90 St,40.588034,-73.813641,,H12,H12,H12
1076,H12S,Beach 90 St,40.588034,-73.813641,,H12,H12,H12
1077,H13,Beach 98 St,40.585307,-73.820558,1.0,H13,H13,H13
1078,H13N,Beach 98 St,40.585307,-73.820558,,H13,H13,H13
1079,H13S,Beach 98 St,40.585307,-73.820558,,H13,H13,H13
1080,H14,Beach 105 St,40.583209,-73.827559,1.0,H14,H14,H14
1081,H14N,Beach 105 St,40.583209,-73.827559,,H14,H14,H14
1082,H14S,Beach 105 St,40.583209,-73.827559,,H14,H14,H14
1083,H15,Rockaway Park-Beach 116 St,40.580903,-73.835592,1.0,H15,H15,H15
1084,H15N,Rockaway Park-Beach 116 St,40.580903,-73.835592,,H15,H15,H15
1085,H15S,Rockaway Park-Beach 116 St,40.580903,-73.835592,,H15,H15,H15
1086,H19,Broad Channel,40.609014,-73.816024,1.0,H19,,
1087,H19N,Broad Channel,40.609014,-73.816024,,H19,,
1088,H19S,Broad Channel,40.609014,-73.816024,,H19,,
1089,J12,121 St,40.700492,-73.828294,1.0,J12,J12,J12
1090,J12N,121 St,40.700492,-73.828294,,J12,J12,J12
1091,J12S,121 St,40.700492,-73.828294,,J12,J12,J12
1092,J13,111 St,40.697418,-73.836345,1.0,J13,J13,J13
1093,J13N,111 St,40.697418,-73.836345,,J13,J13,J13
1094,J13S,111 St,40.697418,-73.836345,,J13,J13,J13
1095,J14,104 St,40.695178,-73.84433,1.0,J14,J14,J14
1096,J14N,104 St,40.695178,-73.84433,,J14,J14,J14
1097,J14S,104 St,40.695178,-73.84433,,J14,J14,J14
1098,J15,Woodhaven Blvd,40.693879,-73.851576,1.0,J15,J15,J15
1099,J15N,Woodhaven Blvd,40.693879,-73.851576,,J15,J15,J15
1100,J15S,Woodhaven Blvd,40.693879,-73.851576,,J15,J15,J15
1101,J16,85 St-Forest Pkwy,40.692435,-73.86001,1.0,J16,J16,J16
1102,J16N,85 St-Forest Pkwy,40.692435,-73.86001,,J16,J16,J16
1103,J16S,85 St-Forest Pkwy,40.692435,-73.86001,,J16,J16,J16
1104,J17,75 St-Elderts Ln,40.691324,-73.867139,1.0,J17,J17,J17
1105,J17N,75 St-Elderts Ln,40.691324,-73.867139,,J17,J17,J17
1106,J17S,75 St-Elderts Ln,40.691324,-73.867139,,J17,J17,J17
1107,J19,Cypress Hills,40.689941,-73.87255,1.0,J19,J19,J19
1108,J19N,Cypress Hills,40.689941,-73.87255,,J19,J19,J19
1109,J19S,Cypress Hills,40.689941,-73.87255,,J19,J19,J19
1110,J20,Crescent St,40.683194,-73.873785,1.0,J20,J20,J20
1111,J20N,Crescent St,40.683194,-73.873785,,J20,J20,J20
1112,J20S,Crescent St,40.683194,-73.873785,,J20,J20,J20
1113,J21,Norwood Av,40.68141,-73.880039,1.0,J21,J21,J21
1114,J21N,Norwood Av,40.68141,-73.880039,,J21,J21,J21
1115,J21S,Norwood Av,40.68141,-73.880039,,J21,J21,J21
1116,J22,Cleveland St,40.679947,-73.884639,1.0,J22,J22,J22
1117,J22N,Cleveland St,40.679947,-73.884639,,J22,J22,J22
1118,J22S,Cleveland St,40.679947,-73.884639,,J22,J22,J22
1119,J23,Van Siclen Av,40.678024,-73.891688,1.0,J23,J23,J23
1120,J23N,Van Siclen Av,40.678024,-73.891688,,J23,J23,J23
1121,J23S,Van Siclen Av,40.678024,-73.891688,,J23,J23,J23
1122,J24,Alabama Av,40.676992,-73.898654,1.0,J24,J24,J24
1123,J24N,Alabama Av,40.676992,-73.898654,,J24,J24,J24
1124,J24S,Alabama Av,40.676992,-73.898654,,J24,J24,J24
1125,J27,Broadway Junction,40.679498,-73.904512,1.0,J27,J27,A51_J27_L22
1126,J27N,Broadway Junction,40.679498,-73.904512,,J27,J27,A51_J27_L22
1127,J27S,Broadway Junction,40.679498,-73.904512,,J27,J27,A51_J27_L22
1128,J28,Chauncey St,40.682893,-73.910456,1.0,J28,J28,J28
1129,J28N,Chauncey St,40.682893,-73.910456,,J28,J28,J28
1130,J28S,Chauncey St,40.682893,-73.910456,,J28,J28,J28
1131,J29,Halsey St,40.68637,-73.916559,1.0,J29,J29,J29
1132,J29N,Halsey St,40.68637,-73.916559,,J29,J29,J29
1133,J29S,Halsey St,40.68637,-73.916559,,J29,J29,J29
1134,J30,Gates Av,40.68963,-73.92227,1.0,J30,J30,J30
1135,J30N,Gates Av,40.68963,-73.92227,,J30,J30,J30
1136,J30S,Gates Av,40.68963,-73.92227,,J30,J30,J30
1137,J31,Kosciuszko St,40.693342,-73.928814,1.0,J31,J31,J31
1138,J31N,Kosciuszko St,40.693342,-73.928814,,J31,J31,J31
1139,J31S,Kosciuszko St,40.693342,-73.928814,,J31,J31,J31
1140,L01,8 Av,40.739777,-74.002578,1.0,L01,L01,A31_L01
1141,L01N,8 Av,40.739777,-74.002578,,L01,L01,A31_L01
1142,L01S,8 Av,40.739777,-74.002578,,L01,L01,A31_L01
1143,L02,6 Av,40.737335,-73.996786,1.0,L02,L02,132_D19_L02
1144,L02N,6 Av,40.737335,-73.996786,,L02,L02,132_D19_L02
1145,L02S,6 Av,40.737335,-73.996786,,L02,L02,132_D19_L02
1146,L03,14 St-Union Sq,40.734789,-73.99073,1.0,L03,L03,635_L03_R20
1147,L03N,14 St-Union Sq,40.734789,-73.99073,,L03,L03,635_L03_R20
1148,L03S,14 St-Union Sq,40.734789,-73.99073,,L03,L03,635_L03_R20
1149,L05,3 Av,40.732849,-73.986122,1.0,L05,L05,L05
1150,L05N,3 Av,40.732849,-73.986122,,L05,L05,L05
1151,L05S,3 Av,40.732849,-73.986122,,L05,L05,L05
1152,L06,1 Av,40.730953,-73.981628,1.0,L06,L06,L06
1153,L06N,1 Av,40.730953,-73.981628,,L06,L06,L06
1154,L06S,1 Av,40.730953,-73.981628,,L06,L06,L06
1155,L08,Bedford Av,40.717304,-73.956872,1.0,L08,L08,L08
1156,L08N,Bedford Av,40.717304,-73.956872,,L08,L08,L08
1157,L08S,Bedford Av,40.717304,-73.956872,,L08,L08,L08
1158,L10,Lorimer St,40.714063,-73.950275,1.0,L10,L10,G29_L10
1159,L10N,Lorimer St,40.714063,-73.950275,,L10,L10,G29_L10
1160,L10S,Lorimer St,40.714063,-73.950275,,L10,L10,G29_L10
1161,L11,Graham Av,40.714565,-73.944053,1.0,L11,L11,L11
1162,L11N,Graham Av,40.714565,-73.944053,,L11,L11,L11
1163,L11S,Graham Av,40.714565,-73.944053,,L11,L11,L11
1164,L12,Grand St,40.711926,-73.94067,1.0,L12,L12,L12
1165,L12N,Grand St,40.711926,-73.94067,,L12,L12,L12
1166,L12S,Grand St,40.711926,-73.94067,,L12,L12,L12
1167,L13,Montrose Av,40.707739,-73.93985,1.0,L13,L13,L13
1168,L13N,Montrose Av,40.707739,-73.93985,,L13,L13,L13
1169,L13S,Montrose Av,40.707739,-73.93985,,L13,L13,L13
1170,L14,Morgan Av,40.706152,-73.933147,1.0,L14,L14,L14
1171,L14N,Morgan Av,40.706152,-73.933147,,L14,L14,L14
1172,L14S,Morgan Av,40.706152,-73.933147,,L14,L14,L14
1173,L15,Jefferson St,40.706607,-73.922913,1.0,L15,L15,L15
1174,L15N,Jefferson St,40.706607,-73.922913,,L15,L15,L15
1175,L15S,Jefferson St,40.706607,-73.922913,,L15,L15,L15
1176,L16,DeKalb Av,40.703811,-73.918425,1.0,L16,L16,L16
1177,L16N,DeKalb Av,40.703811,-73.918425,,L16,L16,L16
1178,L16S,DeKalb Av,40.703811,-73.918425,,L16,L16,L16
1179,L17,Myrtle-Wyckoff Avs,40.699814,-73.911586,1.0,L17,L17,L17_M08
1180,L17N,Myrtle-Wyckoff Avs,40.699814,-73.911586,,L17,L17,L17_M08
1181,L17S,Myrtle-Wyckoff Avs,40.699814,-73.911586,,L17,L17,L17_M08
1182,L19,Halsey St,40.695602,-73.904084,1.0,L19,L19,L19
1183,L19N,Halsey St,40.695602,-73.904084,,L19,L19,L19
1184,L19S,Halsey St,40.695602,-73.904084,,L19,L19,L19
1185,L20,Wilson Av,40.688764,-73.904046,1.0,L20,L20,L20
1186,L20N,Wilson Av,40.688764,-73.904046,,L20,L20,L20
1187,L20S,Wilson Av,40.688764,-73.904046,,L20,L20,L20
1188,L21,Bushwick Av-Aberdeen St,40.682829,-73.905249,1.0,L21,L21,L21
1189,L21N,Bushwick Av-Aberdeen St,40.682829,-73.905249,,L21,L21,L21
1190,L21S,Bushwick Av-Aberdeen St,40.682829,-73.905249,,L21,L21,L21
1191,L22,Broadway Junction,40.678856,-73.90324,1.0,L22,L22,A51_J27_L22
1192,L22N,Broadway Junction,40.678856,-73.90324,,L22,L22,A51_J27_L22
1193,L22S,Broadway Junction,40.678856,-73.90324,,L22,L22,A51_J27_L22
1194,L24,Atlantic Av,40.675345,-73.903097,1.0,L24,L24,L24
1195,L24N,Atlantic Av,40.675345,-73.903097,,L24,L24,L24
1196,L24S,Atlantic Av,40.675345,-73.903097,,L24,L24,L24
1197,L25,Sutter Av,40.669367,-73.901975,1.0,L25,L25,L25
1198,L25N,Sutter Av,40.669367,-73.901975,,L25,L25,L25
1199,L25S,Sutter Av,40.669367,-73.901975,,L25,L25,L25
1200,L26,Livonia Av,40.664038,-73.900571,1.0,L26,L26,L26
1201,L26N,Livonia Av,40.664038,-73.900571,,L26,L26,L26
1202,L26S,Livonia Av,40.664038,-73.900571,,L26,L26,L26
1203,L27,New Lots Av,40.658733,-73.899232,1.0,L27,L27,L27
1204,L27N,New Lots Av,40.658733,-73.899232,,L27,L27,L27
1205,L27S,New Lots Av,40.658733,-73.899232,,L27,L27,L27
1206,L28,East 105 St,40.650573,-73.899485,1.0,L28,L28,L28
1207,L28N,East 105 St,40.650573,-73.899485,,L28,L28,L28
1208,L28S,East 105 St,40.650573,-73.899485,,L28,L28,L28
1209,L29,Canarsie-Rockaway Pkwy,40.646654,-73.90185,1.0,L29,L29,L29
1210,L29N,Canarsie-Rockaway Pkwy,40.646654,-73.90185,,L29,L29,L29
1211,L29S,Canarsie-Rockaway Pkwy,40.646654,-73.90185,,L29,L29,L29
1212,M01,Middle Village-Metropolitan Av,40.711396,-73.889601,1.0,M01,M01,M01
1213,M01N,Middle Village-Metropolitan Av,40.711396,-73.889601,,M01,M01,M01
1214,M01S,Middle Village-Metropolitan Av,40.711396,-73.889601,,M01,M01,M01
1215,M04,Fresh Pond Rd,40.706186,-73.895877,1.0,M04,M04,M04
1216,M04N,Fresh Pond Rd,40.706186,-73.895877,,M04,M04,M04
1217,M04S,Fresh Pond Rd,40.706186,-73.895877,,M04,M04,M04
1218,M05,Forest Av,40.704423,-73.903077,1.0,M05,M05,M05
1219,M05N,Forest Av,40.704423,-73.903077,,M05,M05,M05
1220,M05S,Forest Av,40.704423,-73.903077,,M05,M05,M05
1221,M06,Seneca Av,40.702762,-73.90774,1.0,M06,M06,M06
1222,M06N,Seneca Av,40.702762,-73.90774,,M06,M06,M06
1223,M06S,Seneca Av,40.702762,-73.90774,,M06,M06,M06
1224,M08,Myrtle-Wyckoff Avs,40.69943,-73.912385,1.0,M08,M08,L17_M08
1225,M08N,Myrtle-Wyckoff Avs,40.69943,-73.912385,,M08,M08,L17_M08
1226,M08S,Myrtle-Wyckoff Avs,40.69943,-73.912385,,M08,M08,L17_M08
1227,M09,Knickerbocker Av,40.698664,-73.919711,1.0,M09,M09,M09
1228,M09N,Knickerbocker Av,40.698664,-73.919711,,M09,M09,M09
1229,M09S,Knickerbocker Av,40.698664,-73.919711,,M09,M09,M09
1230,M10,Central Av,40.697857,-73.927397,1.0,M10,M10,M10
1231,M10N,Central Av,40.697857,-73.927397,,M10,M10,M10
1232,M10S,Central Av,40.697857,-73.927397,,M10,M10,M10
1233,M11,Myrtle Av,40.697207,-73.935657,1.0,M11,M11,M11
1234,M11N,Myrtle Av,40.697207,-73.935657,,M11,M11,M11
1235,M11S,Myrtle Av,40.697207,-73.935657,,M11,M11,M11
1236,M12,Flushing Av,40.70026,-73.941126,1.0,M12,M12,M12
1237,M12N,Flushing Av,40.70026,-73.941126,,M12,M12,M12
1238,M12S,Flushing Av,40.70026,-73.941126,,M12,M12,M12
1239,M13,Lorimer St,40.703869,-73.947408,1.0,M13,M13,M13
1240,M13N,Lorimer St,40.703869,-73.947408,,M13,M13,M13
1241,M13S,Lorimer St,40.703869,-73.947408,,M13,M13,M13
1242,M14,Hewes St,40.70687,-73.953431,1.0,M14,M14,M14
1243,M14N,Hewes St,40.70687,-73.953431,,M14,M14,M14
1244,M14S,Hewes St,40.70687,-73.953431,,M14,M14,M14
1245,M16,Marcy Av,40.708359,-73.957757,1.0,M16,M16,M16
1246,M16N,Marcy Av,40.708359,-73.957757,,M16,M16,M16
1247,M16S,Marcy Av,40.708359,-73.957757,,M16,M16,M16
1248,M18,Delancey St-Essex St,40.718315,-73.987437,1.0,M18,M18,F15_M18
1249,M18N,Delancey St-Essex St,40.718315,-73.987437,,M18,M18,F15_M18
1250,M18S,Delancey St-Essex St,40.718315,-73.987437,,M18,M18,F15_M18
1251,M19,Bowery,40.72028,-73.993915,1.0,M19,M19,M19
1252,M19N,Bowery,40.72028,-73.993915,,M19,M19,M19
1253,M19S,Bowery,40.72028,-73.993915,,M19,M19,M19
1254,M20,Canal St,40.718092,-73.999892,1.0,M20,M20,639_M20_Q01_R23
1255,M20N,Canal St,40.718092,-73.999892,,M20,M20,639_M20_Q01_R23
1256,M20S,Canal St,40.718092,-73.999892,,M20,M20,639_M20_Q01_R23
1257,M21,Chambers St,40.713243,-74.003401,1.0,M21,M21,640_M21
1258,M21N,Chambers St,40.713243,-74.003401,,M21,M21,640_M21
1259,M21S,Chambers St,40.713243,-74.003401,,M21,M21,640_M21
1260,M22,Fulton St,40.710374,-74.007582,1.0,M22,M22,229_418_A38_M22
1261,M22N,Fulton St,40.710374,-74.007582,,M22,M22,229_418_A38_M22
1262,M22S,Fulton St,40.710374,-74.007582,,M22,M22,229_418_A38_M22
1263,M23,Broad St,40.706476,-74.011056,1.0,M23,M23,M23
1264,M23N,Broad St,40.706476,-74.011056,,M23,M23,M23
1265,M23S,Broad St,40.706476,-74.011056,,M23,M23,M23
1266,N02,8 Av,40.635064,-74.011719,1.0,N02,N02,N02
1267,N02N,8 Av,40.635064,-74.011719,,N02,N02,N02
1268,N02S,8 Av,40.635064,-74.011719,,N02,N02,N02
1269,N03,Fort Hamilton Pkwy,40.631386,-74.005351,1.0,N03,N03,N03
1270,N03N,Fort Hamilton Pkwy,40.631386,-74.005351,,N03,N03,N03
1271,N03S,Fort Hamilton Pkwy,40.631386,-74.005351,,N03,N03,N03
1272,N04,New Utrecht Av,40.624842,-73.996353,1.0,N04,N04,B16_N04
1273,N04N,New Utrecht Av,40.624842,-73.996353,,N04,N04,B16_N04
1274,N04S,New Utrecht Av,40.624842,-73.996353,,N04,N04,B16_N04
1275,N05,18 Av,40.620671,-73.990414,1.0,N05,N05,N05
1276,N05N,18 Av,40.620671,-73.990414,,N05,N05,N05
1277,N05S,18 Av,40.620671,-73.990414,,N05,N05,N05
1278,N06,20 Av,40.61741,-73.985026,1.0,N06,N06,N06
1279,N06N,20 Av,40.61741,-73.985026,,N06,N06,N06
1280,N06S,20 Av,40.61741,-73.985026,,N06,N06,N06
1281,N07,Bay Pkwy,40.611815,-73.981848,1.0,N07,N07,N07
1282,N07N,Bay Pkwy,40.611815,-73.981848,,N07,N07,N07
1283,N07S,Bay Pkwy,40.611815,-73.981848,,N07,N07,N07
1284,N08,Kings Hwy,40.603923,-73.980353,1.0,N08,N08,N08
1285,N08N,Kings Hwy,40.603923,-73.980353,,N08,N08,N08
1286,N08S,Kings Hwy,40.603923,-73.980353,,N08,N08,N08
1287,N09,Avenue U,40.597473,-73.979137,1.0,N09,N09,N09
1288,N09N,Avenue U,40.597473,-73.979137,,N09,N09,N09
1289,N09S,Avenue U,40.597473,-73.979137,,N09,N09,N09
1290,N10,86 St,40.592721,-73.97823,1.0,N10,N10,N10
1291,N10N,86 St,40.592721,-73.97823,,N10,N10,N10
1292,N10S,86 St,40.592721,-73.97823,,N10,N10,N10
1293,N12,S.B. Coney Island,40.577422,-73.981233,1.0,N12,,
1294,N12N,S.B. Coney Island,40.577422,-73.981233,,N12,,
1295,N12S,S.B. Coney Island,40.577422,-73.981233,,N12,,
1296,Q01,Canal St,40.718383,-74.00046,1.0,Q01,Q01,639_M20_Q01_R23
1297,Q01N,Canal St,40.718383,-74.00046,,Q01,Q01,639_M20_Q01_R23
1298,Q01S,Canal St,40.718383,-74.00046,,Q01,Q01,639_M20_Q01_R23
1299,Q03,72 St,40.768799,-73.958424,1.0,Q03,Q03,Q03
1300,Q03N,72 St,40.768799,-73.958424,,Q03,Q03,Q03
1301,Q03S,72 St,40.768799,-73.958424,,Q03,Q03,Q03
1302,Q04,86 St,40.777891,-73.951787,1.0,Q04,Q04,Q04
1303,Q04N,86 St,40.777891,-73.951787,,Q04,Q04,Q04
1304,Q04S,86 St,40.777891,-73.951787,,Q04,Q04,Q04
1305,Q05,96 St,40.784318,-73.947152,1.0,Q05,Q05,Q05
1306,Q05N,96 St,40.784318,-73.947152,,Q05,Q05,Q05
1307,Q05S,96 St,40.784318,-73.947152,,Q05,Q05,Q05
1308,R01,Astoria-Ditmars Blvd,40.775036,-73.912034,1.0,R01,R01,R01
1309,R01N,Astoria-Ditmars Blvd,40.775036,-73.912034,,R01,R01,R01
1310,R01S,Astoria-Ditmars Blvd,40.775036,-73.912034,,R01,R01,R01
1311,R03,Astoria Blvd,40.770258,-73.917843,1.0,R03,R03,R03
1312,R03N,Astoria Blvd,40.770258,-73.917843,,R03,R03,R03
1313,R03S,Astoria Blvd,40.770258,-73.917843,,R03,R03,R03
1314,R04,30 Av,40.766779,-73.921479,1.0,R04,R04,R04
1315,R04N,30 Av,40.766779,-73.921479,,R04,R04,R04
1316,R04S,30 Av,40.766779,-73.921479,,R04,R04,R04
1317,R05,Broadway,40.76182,-73.925508,1.0,R05,R05,R05
1318,R05N,Broadway,40.76182,-73.925508,,R05,R05,R05
1319,R05S,Broadway,40.76182,-73.925508,,R05,R05,R05
1320,R06,36 Av,40.756804,-73.929575,1.0,R06,R06,R06
1321,R06N,36 Av,40.756804,-73.929575,,R06,R06,R06
1322,R06S,36 Av,40.756804,-73.929575,,R06,R06,R06
1323,R08,39 Av-Dutch Kills,40.752882,-73.932755,1.0,R08,R08,R08
1324,R08N,39 Av-Dutch Kills,40.752882,-73.932755,,R08,R08,R08
1325,R08S,39 Av-Dutch Kills,40.752882,-73.932755,,R08,R08,R08
1326,R09,Queensboro Plaza,40.750582,-73.940202,1.0,R09,R09,718_R09
1327,R09N,Queensboro Plaza,40.750582,-73.940202,,R09,R09,718_R09
1328,R09S,Queensboro Plaza,40.750582,-73.940202,,R09,R09,718_R09
1329,R11,Lexington Av/59 St,40.76266,-73.967258,1.0,R11,R11,629_R11
1330,R11N,Lexington Av/59 St,40.76266,-73.967258,,R11,R11,629_R11
1331,R11S,Lexington Av/59 St,40.76266,-73.967258,,R11,R11,629_R11
1332,R13,5 Av/59 St,40.764811,-73.973347,1.0,R13,R13,R13
1333,R13N,5 Av/59 St,40.764811,-73.973347,,R13,R13,R13
1334,R13S,5 Av/59 St,40.764811,-73.973347,,R13,R13,R13
1335,R14,57 St-7 Av,40.764664,-73.980658,1.0,R14,R14,R14
1336,R14N,57 St-7 Av,40.764664,-73.980658,,R14,R14,R14
1337,R14S,57 St-7 Av,40.764664,-73.980658,,R14,R14,R14
1338,R15,49 St,40.759901,-73.984139,1.0,R15,R15,R15
1339,R15N,49 St,40.759901,-73.984139,,R15,R15,R15
1340,R15S,49 St,40.759901,-73.984139,,R15,R15,R15
1341,R16,Times Sq-42 St,40.754672,-73.986754,1.0,R16,R16,127_725_902_A27_R16
1342,R16N,Times Sq-42 St,40.754672,-73.986754,,R16,R16,127_725_902_A27_R16
1343,R16S,Times Sq-42 St,40.754672,-73.986754,,R16,R16,127_725_902_A27_R16
1344,R17,34 St-Herald Sq,40.749567,-73.98795,1.0,R17,R17,D17_R17
1345,R17N,34 St-Herald Sq,40.749567,-73.98795,,R17,R17,D17_R17
1346,R17S,34 St-Herald Sq,40.749567,-73.98795,,R17,R17,D17_R17
1347,R18,28 St,40.745494,-73.988691,1.0,R18,R18,R18
1348,R18N,28 St,40.745494,-73.988691,,R18,R18,R18
1349,R18S,28 St,40.745494,-73.988691,,R18,R18,R18
1350,R19,23 St,40.741303,-73.989344,1.0,R19,R19,R19
1351,R19N,23 St,40.741303,-73.989344,,R19,R19,R19
1352,R19S,23 St,40.741303,-73.989344,,R19,R19,R19
1353,R20,14 St-Union Sq,40.735736,-73.990568,1.0,R20,R20,635_L03_R20
1354,R20N,14 St-Union Sq,40.735736,-73.990568,,R20,R20,635_L03_R20
1355,R20S,14 St-Union Sq,40.735736,-73.990568,,R20,R20,635_L03_R20
1356,R21,8 St-NYU,40.730328,-73.992629,1.0,R21,R21,R21
1357,R21N,8 St-NYU,40.730328,-73.992629,,R21,R21,R21
1358,R21S,8 St-NYU,40.730328,-73.992629,,R21,R21,R21
1359,R22,Prince St,40.724329,-73.997702,1.0,R22,R22,R22
1360,R22N,Prince St,40.724329,-73.997702,,R22,R22,R22
1361,R22S,Prince St,40.724329,-73.997702,,R22,R22,R22
1362,R23,Canal St,40.719527,-74.001775,1.0,R23,R23,639_M20_Q01_R23
1363,R23N,Canal St,40.719527,-74.001775,,R23,R23,639_M20_Q01_R23
1364,R23S,Canal St,40.719527,-74.001775,,R23,R23,639_M20_Q01_R23
1365,R24,City Hall,40.713282,-74.006978,1.0,R24,R24,R24
1366,R24N,City Hall,40.713282,-74.006978,,R24,R24,R24
1367,R24S,City Hall,40.713282,-74.006978,,R24,R24,R24
1368,R25,Cortlandt St,40.710668,-74.011029,1.0,R25,R25,228_A36_E01_R25
1369,R25N,Cortlandt St,40.710668,-74.011029,,R25,R25,228_A36_E01_R25
1370,R25S,Cortlandt St,40.710668,-74.011029,,R25,R25,228_A36_E01_R25
1371,R26,Rector St,40.70722,-74.013342,1.0,R26,R26,R26
1372,R26N,Rector St,40.70722,-74.013342,,R26,R26,R26
1373,R26S,Rector St,40.70722,-74.013342,,R26,R26,R26
1374,R27,Whitehall St-South Ferry,40.703087,-74.012994,1.0,R27,R27,142_R27
1375,R27N,Whitehall St-South Ferry,40.703087,-74.012994,,R27,R27,142_R27
1376,R27S,Whitehall St-South Ferry,40.703087,-74.012994,,R27,R27,142_R27
1377,R28,Court St,40.6941,-73.991777,1.0,R28,R28,232_423_R28
1378,R28N,Court St,40.6941,-73.991777,,R28,R28,232_423_R28
1379,R28S,Court St,40.6941,-73.991777,,R28,R28,232_423_R28
1380,R29,Jay St-MetroTech,40.69218,-73.985942,1.0,R29,R29,A41_R29
1381,R29N,Jay St-MetroTech,40.69218,-73.985942,,R29,R29,A41_R29
1382,R29S,Jay St-MetroTech,40.69218,-73.985942,,R29,R29,A41_R29
1383,R30,DeKalb Av,40.690635,-73.981824,1.0,R30,R30,R30
1384,R30N,DeKalb Av,40.690635,-73.981824,,R30,R30,R30
1385,R30S,DeKalb Av,40.690635,-73.981824,,R30,R30,R30
1386,R31,Atlantic Av-Barclays Ctr,40.683666,-73.97881,1.0,R31,R31,235_D24_R31
1387,R31N,Atlantic Av-Barclays Ctr,40.683666,-73.97881,,R31,R31,235_D24_R31
1388,R31S,Atlantic Av-Barclays Ctr,40.683666,-73.97881,,R31,R31,235_D24_R31
1389,R32,Union St,40.677316,-73.98311,1.0,R32,R32,R32
1390,R32N,Union St,40.677316,-73.98311,,R32,R32,R32
1391,R32S,Union St,40.677316,-73.98311,,R32,R32,R32
1392,R33,4 Av-9 St,40.670847,-73.988302,1.0,R33,R33,F23_R33
1393,R33N,4 Av-9 St,40.670847,-73.988302,,R33,R33,F23_R33
1394,R33S,4 Av-9 St,40.670847,-73.988302,,R33,R33,F23_R33
1395,R34,Prospect Av,40.665414,-73.992872,1.0,R34,R34,R34
1396,R34N,Prospect Av,40.665414,-73.992872,,R34,R34,R34
1397,R34S,Prospect Av,40.665414,-73.992872,,R34,R34,R34
1398,R35,25 St,40.660397,-73.998091,1.0,R35,R35,R35
1399,R35N,25 St,40.660397,-73.998091,,R35,R35,R35
1400,R35S,25 St,40.660397,-73.998091,,R35,R35,R35
1401,R36,36 St,40.655144,-74.003549,1.0,R36,R36,R36
1402,R36N,36 St,40.655144,-74.003549,,R36,R36,R36
1403,R36S,36 St,40.655144,-74.003549,,R36,R36,R36
1404,R39,45 St,40.648939,-74.010006,1.0,R39,R39,R39
1405,R39N,45 St,40.648939,-74.010006,,R39,R39,R39
1406,R39S,45 St,40.648939,-74.010006,,R39,R39,R39
1407,R40,53 St,40.645069,-74.014034,1.0,R40,R40,R40
1408,R40N,53 St,40.645069,-74.014034,,R40,R40,R40
1409,R40S,53 St,40.645069,-74.014034,,R40,R40,R40
1410,R41,59 St,40.641362,-74.017881,1.0,R41,R41,R41
1411,R41N,59 St,40.641362,-74.017881,,R41,R41,R41
1412,R41S,59 St,40.641362,-74.017881,,R41,R41,R41
1413,R42,Bay Ridge Av,40.634967,-74.023377,1.0,R42,R42,R42
1414,R42N,Bay Ridge Av,40.634967,-74.023377,,R42,R42,R42
1415,R42S,Bay Ridge Av,40.634967,-74.023377,,R42,R42,R42
1416,R43,77 St,40.629742,-74.02551,1.0,R43,R43,R43
1417,R43N,77 St,40.629742,-74.02551,,R43,R43,R43
1418,R43S,77 St,40.629742,-74.02551,,R43,R43,R43
1419,R44,86 St,40.622687,-74.028398,1.0,R44,R44,R44
1420,R44N,86 St,40.622687,-74.028398,,R44,R44,R44
1421,R44S,86 St,40.622687,-74.028398,,R44,R44,R44
1422,R45,Bay Ridge-95 St,40.616622,-74.030876,1.0,R45,R45,R45
1423,R45N,Bay Ridge-95 St,40.616622,-74.030876,,R45,R45,R45
1424,R45S,Bay Ridge-95 St,40.616622,-74.030876,,R45,R45,R45
1425,S01,Franklin Av,40.680596,-73.955827,1.0,S01,S01,A45_S01
1426,S01N,Franklin Av,40.680596,-73.955827,,S01,S01,A45_S01
1427,S01S,Franklin Av,40.680596,-73.955827,,S01,S01,A45_S01
1428,S03,Park Pl,40.674772,-73.957624,1.0,S03,S03,S03
1429,S03N,Park Pl,40.674772,-73.957624,,S03,S03,S03
1430,S03S,Park Pl,40.674772,-73.957624,,S03,S03,S03
1431,S04,Botanic Garden,40.670343,-73.959245,1.0,S04,S04,239_S04
1432,S04N,Botanic Garden,40.670343,-73.959245,,S04,S04,239_S04
1433,S04S,Botanic Garden,40.670343,-73.959245,,S04,S04,239_S04
1434,S09,Tottenville,40.512764,-74.251961,1.0,S09,S09,S09
1435,S09N,Tottenville,40.512764,-74.251961,,S09,S09,S09
1436,S09S,Tottenville,40.512764,-74.251961,,S09,S09,S09
1437,S11,Arthur Kill,40.516578,-74.242096,1.0,S11,S11,S11
1438,S11N,Arthur Kill,40.516578,-74.242096,,S11,S11,S11
1439,S11S,Arthur Kill,40.516578,-74.242096,,S11,S11,S11
1440,S13,Richmond Valley,40.519631,-74.229141,1.0,S13,S13,S13
1441,S13N,Richmond Valley,40.519631,-74.229141,,S13,S13,S13
1442,S13S,Richmond Valley,40.519631,-74.229141,,S13,S13,S13
1443,S14,Pleasant Plains,40.52241,-74.217847,1.0,S14,S14,S14
1444,S14N,Pleasant Plains,40.52241,-74.217847,,S14,S14,S14
1445,S14S,Pleasant Plains,40.52241,-74.217847,,S14,S14,S14
1446,S15,Prince's Bay,40.525507,-74.200064,1.0,S15,S15,S15
1447,S15N,Prince's Bay,40.525507,-74.200064,,S15,S15,S15
1448,S15S,Prince's Bay,40.525507,-74.200064,,S15,S15,S15
1449,S16,Huguenot,40.533674,-74.191794,1.0,S16,S16,S16
1450,S16N,Huguenot,40.533674,-74.191794,,S16,S16,S16
1451,S16S,Huguenot,40.533674,-74.191794,,S16,S16,S16
1452,S17,Annadale,40.54046,-74.178217,1.0,S17,S17,S17
1453,S17N,Annadale,40.54046,-74.178217,,S17,S17,S17
1454,S17S,Annadale,40.54046,-74.178217,,S17,S17,S17
1455,S18,Eltingville,40.544601,-74.16457,1.0,S18,S18,S18
1456,S18N,Eltingville,40.544601,-74.16457,,S18,S18,S18
1457,S18S,Eltingville,40.544601,-74.16457,,S18,S18,S18
1458,S19,Great Kills,40.551231,-74.151399,1.0,S19,S19,S19
1459,S19N,Great Kills,40.551231,-74.151399,,S19,S19,S19
1460,S19S,Great Kills,40.551231,-74.151399,,S19,S19,S19
1461,S20,Bay Terrace,40.5564,-74.136907,1.0,S20,S20,S20
1462,S20N,Bay Terrace,40.5564,-74.136907,,S20,S20,S20
1463,S20S,Bay Terrace,40.5564,-74.136907,,S20,S20,S20
1464,S21,Oakwood Heights,40.56511,-74.12632,1.0,S21,S21,S21
1465,S21N,Oakwood Heights,40.56511,-74.12632,,S21,S21,S21
1466,S21S,Oakwood Heights,40.56511,-74.12632,,S21,S21,S21
1467,S22,New Dorp,40.57348,-74.11721,1.0,S22,S22,S22
1468,S22N,New Dorp,40.57348,-74.11721,,S22,S22,S22
1469,S22S,New Dorp,40.57348,-74.11721,,S22,S22,S22
1470,S23,Grant City,40.578965,-74.109704,1.0,S23,S23,S23
1471,S23N,Grant City,40.578965,-74.109704,,S23,S23,S23
1472,S23S,Grant City,40.578965,-74.109704,,S23,S23,S23
1473,S24,Jefferson Av,40.583591,-74.103338,1.0,S24,S24,S24
1474,S24N,Jefferson Av,40.583591,-74.103338,,S24,S24,S24
1475,S24S,Jefferson Av,40.583591,-74.103338,,S24,S24,S24
1476,S25,Dongan Hills,40.588849,-74.09609,1.0,S25,S25,S25
1477,S25N,Dongan Hills,40.588849,-74.09609,,S25,S25,S25
1478,S25S,Dongan Hills,40.588849,-74.09609,,S25,S25,S25
1479,S26,Old Town,40.596612,-74.087368,1.0,S26,S26,S26
1480,S26N,Old Town,40.596612,-74.087368,,S26,S26,S26
1481,S26S,Old Town,40.596612,-74.087368,,S26,S26,S26
1482,S27,Grasmere,40.603117,-74.084087,1.0,S27,S27,S27
1483,S27N,Grasmere,40.603117,-74.084087,,S27,S27,S27
1484,S27S,Grasmere,40.603117,-74.084087,,S27,S27,S27
1485,S28,Clifton,40.621319,-74.071402,1.0,S28,S28,S28
1486,S28N,Clifton,40.621319,-74.071402,,S28,S28,S28
1487,S28S,Clifton,40.621319,-74.071402,,S28,S28,S28
1488,S29,Stapleton,40.627915,-74.075162,1.0,S29,S29,S29
1489,S29N,Stapleton,40.627915,-74.075162,,S29,S29,S29
1490,S29S,Stapleton,40.627915,-74.075162,,S29,S29,S29
1491,S30,Tompkinsville,40.636949,-74.074835,1.0,S30,S30,S30
1492,S30N,Tompkinsville,40.636949,-74.074835,,S30,S30,S30
1493,S30S,Tompkinsville,40.636949,-74.074835,,S30,S30,S30
1494,S31,St George,40.643748,-74.073643,1.0,S31,S31,S31
1495,S31N,St George,40.643748,-74.073643,,S31,S31,S31
1496,S31S,St George,40.643748,-74.073643,,S31,S31,S31
