composite_gtfs_stops_id,next_composite_gtfs_stops_id,route,direction,mean_seconds_in_transit
101,103,1,S,100.76555023923444
103,101,1,N,83.81165919282512
103,104,1,S,90.0
104,103,1,N,196.14349775784754
104,106,1,S,90.0
106,104,1,N,92.5560538116592
106,107,1,S,90.0
107,106,1,N,90.0
107,108,1,S,60.0
108,107,1,N,89.47136563876651
108,109,1,S,101.2
109,108,1,N,90.0
109,110,1,S,90.0
110,109,1,N,69.2511013215859
110,111,1,S,90.0
111,110,1,N,90.0
111,112_A09,1,S,130.66666666666666
112_A09,111,1,N,120.0
112_A09,113,1,S,92.8
112_A09,A07,A,N,121.97604790419162
112_A09,A10,A,S,90.0
112_A09,A10,C,S,61.351351351351354
112_A09,A12_D13,A,S,215.41666666666666
113,112_A09,1,N,90.0
113,114,1,S,122.8
114,113,1,N,120.0
114,115,1,S,104.8
115,114,1,N,90.0
115,116,1,S,90.0
116,115,1,N,97.14285714285714
116,117,1,S,144.28571428571428
117,116,1,N,142.85714285714286
117,118,1,S,60.0
118,117,1,N,60.0
118,119,1,S,60.0
119,118,1,N,67.14285714285714
119,120,1,S,120.3896103896104
120,119,1,N,90.0
120,121,1,S,114.28571428571429
120,121,2,S,120.0
120,123,2,S,175.06849315068493
120,123,3,S,206.05263157894737
120,227,3,N,286.95652173913044
120,239_S04,2,N,84125.0
120,239_S04,3,N,84186.04651162791
120,247,2,N,83341.53846153847
121,120,1,N,110.51948051948052
121,120,2,N,90.0
121,122,1,S,65.71428571428571
121,122,2,S,60.0
122,121,1,N,72.33766233766234
122,121,2,N,90.0
122,123,1,S,90.0
122,123,2,S,90.0
123,120,2,N,180.0
123,120,3,N,180.0
123,122,1,N,107.66233766233766
123,122,2,N,90.0
123,124,1,S,84.28571428571429
123,124,2,S,90.0
123,127_725_902_A27_R16,2,S,253.97260273972603
123,127_725_902_A27_R16,3,S,252.82894736842104
124,123,1,N,62.857142857142854
124,123,2,N,60.0
124,125_A24,1,S,90.0
124,125_A24,2,S,90.0
125_A24,124,1,N,90.0
125_A24,124,2,N,90.0
125_A24,126,1,S,120.0
125_A24,126,2,S,120.0
125_A24,127_725_902_A27_R16,A,S,174.375
125_A24,A12_D13,B,S,85465.71428571429
125_A24,A15,A,N,452.0833333333333
125_A24,A15,D,N,457.22627737226276
125_A24,A22,A,N,90.0
125_A24,A22,B,N,90.0
125_A24,A22,C,N,90.0
125_A24,A25,A,S,90.0
125_A24,A25,C,S,133.78378378378378
125_A24,D03,B,S,84321.42857142857
125_A24,D03,D,S,84648.17518248175
126,125_A24,1,N,120.0
126,125_A24,2,N,120.0
126,127_725_902_A27_R16,1,S,98.7012987012987
126,127_725_902_A27_R16,2,S,90.0
127_725_902_A27_R16,123,2,N,240.0
127_725_902_A27_R16,123,3,N,240.0
127_725_902_A27_R16,125_A24,A,N,214.79166666666666
127_725_902_A27_R16,126,1,N,98.18181818181819
127_725_902_A27_R16,126,2,N,120.0
127_725_902_A27_R16,128,1,S,90.0
127_725_902_A27_R16,128,2,S,62.96296296296296
127_725_902_A27_R16,128,3,S,60.0
127_725_902_A27_R16,224,3,S,85279.56521739131
127_725_902_A27_R16,631_723_901,GS,S,90.0
127_725_902_A27_R16,724_D16,7,N,90.0
127_725_902_A27_R16,726,7,S,201.54057771664375
127_725_902_A27_R16,A25,A,N,90.0
127_725_902_A27_R16,A25,C,N,108.37837837837837
127_725_902_A27_R16,A25,E,N,120.8780487804878
127_725_902_A27_R16,A28,A,S,60.0
127_725_902_A27_R16,A28,C,S,71.62162162162163
127_725_902_A27_R16,A28,E,S,72.8780487804878
127_725_902_A27_R16,D17_R17,N,S,122.92372881355932
127_725_902_A27_R16,D17_R17,Q,S,114.11392405063292
127_725_902_A27_R16,D17_R17,R,S,121.84615384615384
127_725_902_A27_R16,R14,N,N,200.0
127_725_902_A27_R16,R14,Q,N,188.16176470588235
127_725_902_A27_R16,R15,N,N,116.34782608695652
127_725_902_A27_R16,R15,Q,N,120.0
127_725_902_A27_R16,R15,R,N,118.3969465648855
128,127_725_902_A27_R16,1,N,90.0
128,127_725_902_A27_R16,2,N,62.96296296296296
128,127_725_902_A27_R16,3,N,60.0
128,129,1,S,80.64935064935065
128,129,2,S,60.0
128,132_D19_L02,2,S,180.0
128,132_D19_L02,3,S,180.0
129,128,1,N,69.74025974025975
129,128,2,N,90.0
129,130,1,S,60.0
129,130,2,S,60.0
130,129,1,N,60.0
130,129,2,N,60.0
130,131,1,S,60.0
130,131,2,S,60.0
131,130,1,N,60.0
131,130,2,N,60.0
131,132_D19_L02,1,S,60.0
131,132_D19_L02,2,S,60.0
132_D19_L02,128,2,N,162.94520547945206
132_D19_L02,128,3,N,163.95348837209303
132_D19_L02,131,1,N,60.0
132_D19_L02,131,2,N,60.0
132_D19_L02,133,1,S,90.0
132_D19_L02,133,2,S,90.0
132_D19_L02,137,2,S,276.16438356164383
132_D19_L02,137,3,S,276.74418604651163
132_D19_L02,635_L03_R20,L,S,96.37362637362638
132_D19_L02,A31_L01,L,N,60.0
132_D19_L02,D18,F,N,92.44897959183673
132_D19_L02,D18,M,N,93.6
132_D19_L02,F14,F,S,373.92857142857144
132_D19_L02,M11,M,S,1271.4
133,132_D19_L02,1,N,90.0
133,132_D19_L02,2,N,90.0
133,134,1,S,91.94805194805195
133,134,2,S,90.0
134,133,1,N,91.42857142857143
134,133,2,N,90.0
134,135,1,S,99.35064935064935
134,135,2,S,120.0
135,134,1,N,110.12987012987013
135,134,2,N,90.0
135,136,1,S,60.0
135,136,2,S,60.0
136,135,1,N,60.0
136,135,2,N,60.0
136,137,1,S,130.9090909090909
136,137,2,S,60.0
137,132_D19_L02,2,N,273.0821917808219
137,132_D19_L02,3,N,273.72093023255815
137,136,1,N,69.74025974025975
137,136,2,N,90.0
137,138,1,S,65.97402597402598
137,201,2,S,82582.78481012658
137,204,2,S,82635.0
137,224,3,S,84913.95348837209
138,137,1,N,76.36363636363636
138,139,1,S,91.94805194805195
139,138,1,N,90.12987012987013
139,142_R27,1,S,106.75324675324676
142_R27,139,1,N,91.94805194805195
142_R27,232_423_R28,N,S,210.0
142_R27,232_423_R28,R,S,210.0
142_R27,R26,N,N,115.30434782608695
142_R27,R26,R,N,119.08396946564885
142_R27,R45,R,N,84525.0
201,204,2,S,94.55696202531645
201,257,2,N,80040.0
204,201,2,N,102.03703703703704
204,205,2,S,90.0
204,205,5,S,90.0
204,232_423_R28,5,N,82208.57142857143
204,250,5,N,81470.0
204,420,5,N,82455.0
205,204,2,N,196.2962962962963
205,204,5,N,90.0
205,206,2,S,90.0
205,206,5,S,90.0
206,205,2,N,90.0
206,205,5,N,90.0
206,207,2,S,63.148148148148145
206,207,5,S,90.0
207,206,2,N,70.74074074074075
207,206,5,N,90.0
207,208,2,S,104.07407407407408
207,208,5,S,110.0
208,207,2,N,97.77777777777777
208,207,5,N,107.5
208,209,2,S,105.92592592592592
208,209,5,S,100.0
208,420,5,N,83290.0
209,208,2,N,108.88888888888889
209,208,5,N,107.5
209,210,2,S,90.0
209,210,5,S,90.0
210,209,2,N,90.0
210,209,5,N,90.0
210,211,2,S,120.0
210,211,5,S,140.0
211,210,2,N,120.0
211,210,5,N,137.5
211,212,2,S,137.22222222222223
211,212,5,S,150.0
212,211,2,N,138.5185185185185
212,211,5,N,145.0
212,213,2,S,125.55555555555556
212,213,5,S,167.5
213,208,5,N,480.0
213,212,2,N,120.0
213,212,5,N,125.0
213,214,2,S,104.62962962962963
213,214,5,S,107.71428571428571
213,221,5,S,753.6363636363636
213,232_423_R28,5,N,83284.95145631068
213,250,5,N,82444.28571428571
213,257,5,N,81720.0
213,420,5,N,83689.09090909091
213,501,5,S,85740.0
213,505,5,N,208.84615384615384
214,213,2,N,112.03703703703704
214,213,5,N,106.12903225806451
214,215,2,S,122.4074074074074
214,215,5,S,120.57142857142857
215,214,2,N,120.0
215,214,5,N,120.0
215,216,2,S,152.03703703703704
215,216,5,S,150.57142857142858
216,215,2,N,144.25925925925927
216,215,5,N,149.3548387096774
216,217,2,S,92.77777777777777
216,217,5,S,90.57142857142857
217,216,2,N,97.96296296296296
217,216,5,N,90.64516129032258
217,218,2,S,71.85185185185185
217,218,5,S,71.42857142857143
218,217,2,N,72.03703703703704
218,217,5,N,71.93548387096774
218,219,2,S,89.62962962962963
218,219,5,S,90.28571428571429
219,218,2,N,82.03703703703704
219,218,5,N,89.35483870967742
219,220,2,S,99.81481481481481
219,220,5,S,101.14285714285714
220,219,2,N,99.81481481481481
220,219,5,N,100.3225806451613
220,221,2,S,145.74074074074073
220,221,5,S,138.85714285714286
221,213,5,N,722.0
221,220,2,N,142.40740740740742
221,220,5,N,139.03225806451613
221,222_415,2,S,162.40740740740742
221,222_415,5,S,167.82608695652175
222_415,221,2,N,134.8148148148148
222_415,221,5,N,127.3913043478261
222_415,224,2,S,232.40740740740742
222_415,234,5,S,2347.8688524590166
222_415,414_D11,4,N,155.1891891891892
222_415,416,4,S,120.37974683544304
222_415,416,5,S,245.625
222_415,621,4,S,482.22222222222223
224,222_415,2,N,221.4814814814815
224,225,2,S,109.81481481481481
224,225,3,S,109.9342105263158
224,257,3,N,82553.25581395348
224,302,3,N,345.6521739130435
225,224,2,N,118.33333333333333
225,224,3,N,130.26315789473685
225,226,2,S,90.0
225,226,3,S,90.0
226,225,2,N,90.0
226,225,3,N,90.0
226,227,2,S,60.0
226,227,3,S,60.0
227,226,2,N,60.0
227,226,3,N,60.0
227,228_A36_E01_R25,2,S,1348.3333333333333
227,228_A36_E01_R25,3,S,1311.1627906976744
227,301,3,S,85920.0
228_A36_E01_R25,227,2,N,1326.4814814814815
228_A36_E01_R25,227,3,N,1282.5581395348838
228_A36_E01_R25,229_418_A38_M22,2,S,125.92592592592592
228_A36_E01_R25,229_418_A38_M22,3,S,121.3953488372093
228_A36_E01_R25,229_418_A38_M22,A,S,120.0
228_A36_E01_R25,229_418_A38_M22,C,S,120.0
228_A36_E01_R25,A34,A,N,90.52941176470588
228_A36_E01_R25,A34,C,N,90.0
228_A36_E01_R25,F01,E,S,83391.42857142857
228_A36_E01_R25,F12,E,N,1070.341463414634
228_A36_E01_R25,R24,N,N,115.30434782608695
228_A36_E01_R25,R24,R,N,119.08396946564885
228_A36_E01_R25,R26,N,S,90.0
228_A36_E01_R25,R26,R,S,90.0
229_418_A38_M22,228_A36_E01_R25,2,N,146.66666666666666
229_418_A38_M22,228_A36_E01_R25,3,N,145.8139534883721
229_418_A38_M22,228_A36_E01_R25,A,N,121.58823529411765
229_418_A38_M22,228_A36_E01_R25,C,N,130.27027027027026
229_418_A38_M22,230,2,S,84.07407407407408
229_418_A38_M22,230,3,S,88.6046511627907
229_418_A38_M22,419,4,S,88.54054054054055
229_418_A38_M22,419,5,S,90.65217391304348
229_418_A38_M22,640_M21,4,N,120.16216216216216
229_418_A38_M22,640_M21,5,N,120.0
229_418_A38_M22,640_M21,J,N,92.3913043478261
229_418_A38_M22,A40,A,S,186.7058823529412
229_418_A38_M22,A40,C,S,185.40540540540542
229_418_A38_M22,M23,J,S,92.3913043478261
230,229_418_A38_M22,2,N,65.37037037037037
230,229_418_A38_M22,3,N,66.74418604651163
230,231,2,S,270.0
230,231,3,S,270.0
231,230,2,N,208.5185185185185
231,230,3,N,208.37209302325581
231,232_423_R28,2,S,68.33333333333333
231,232_423_R28,3,S,69.76744186046511
232_423_R28,142_R27,N,N,216.25
232_423_R28,142_R27,R,N,278.1456953642384
232_423_R28,231,2,N,112.77777777777777
232_423_R28,231,3,N,116.97674418604652
232_423_R28,233,2,S,90.0
232_423_R28,233,3,S,90.0
232_423_R28,420,4,N,304.2857142857143
232_423_R28,420,5,N,305.40983606557376
232_423_R28,501,5,S,82443.42857142857
232_423_R28,622,4,S,84210.0
232_423_R28,A41_R29,N,S,120.0
232_423_R28,A41_R29,R,S,120.8
233,232_423_R28,2,N,90.0
233,232_423_R28,3,N,90.0
233,234,2,S,70.55555555555556
233,234,3,S,60.93023255813954
234,222_415,5,N,2271.1475409836066
234,233,2,N,90.0
234,233,3,N,90.0
234,235_D24_R31,2,S,90.18518518518519
234,235_D24_R31,3,S,90.23255813953489
234,235_D24_R31,4,S,90.0
234,235_D24_R31,5,S,90.0
234,250,4,N,85769.79865771811
234,257,4,N,84837.27272727272
235_D24_R31,234,2,N,90.18518518518519
235_D24_R31,234,3,N,90.0
235_D24_R31,234,4,N,99.89010989010988
235_D24_R31,234,5,N,90.24590163934427
235_D24_R31,236,2,S,79.25925925925925
235_D24_R31,236,3,S,83.25581395348837
235_D24_R31,236,4,S,60.0
235_D24_R31,239_S04,4,S,255.91836734693877
235_D24_R31,239_S04,5,S,261.1475409836066
235_D24_R31,B08,N,N,1575.0
235_D24_R31,B08,R,N,2190.0
235_D24_R31,D01,D,N,3585.0
235_D24_R31,D25,B,S,127.04081632653062
235_D24_R31,D25,Q,S,132.15189873417722
235_D24_R31,G21,R,N,2749.6153846153848
235_D24_R31,N10,N,N,84737.48201438849
235_D24_R31,R30,B,N,147.85714285714286
235_D24_R31,R30,Q,N,158.40764331210192
235_D24_R31,R32,D,S,120.0
235_D24_R31,R32,N,S,120.0
235_D24_R31,R32,R,S,120.0
235_D24_R31,R36,D,S,365.8878504672897
235_D24_R31,R36,N,S,364.6551724137931
235_D24_R31,R41,R,N,85554.0
236,235_D24_R31,2,N,90.0
236,235_D24_R31,3,N,90.0
236,235_D24_R31,4,N,90.0
236,237,2,S,120.0
236,237,3,S,120.0
236,237,4,S,120.0
237,236,2,N,120.0
237,236,3,N,120.0
237,236,4,N,120.0
237,238,2,S,102.77777777777777
237,238,3,S,98.83720930232558
237,238,4,S,120.0
238,237,2,N,95.18518518518519
238,237,3,N,91.62790697674419
238,237,4,N,114.64285714285714
238,239_S04,2,S,118.14814814814815
238,239_S04,3,S,130.0
238,239_S04,4,S,90.0
239_S04,235_D24_R31,4,N,308.3766233766234
239_S04,235_D24_R31,5,N,309.0983606557377
239_S04,238,2,N,120.0
239_S04,238,3,N,120.0
239_S04,238,4,N,120.0
239_S04,241,2,S,175.22292993630575
239_S04,241,5,S,180.83333333333334
239_S04,248,2,S,90.0
239_S04,248,3,S,90.0
239_S04,248,4,S,90.0
239_S04,250,4,S,279.18367346938777
239_S04,250,5,S,261.42857142857144
239_S04,S03,FS,N,120.0
241,239_S04,2,N,187.8846153846154
241,239_S04,5,N,186.0
241,242,2,S,90.0
241,242,5,S,90.0
242,241,2,N,89.03846153846153
242,241,5,N,92.18181818181819
242,243,2,S,91.91082802547771
242,243,5,S,92.77777777777777
243,242,2,N,98.46153846153847
243,242,5,N,101.18181818181819
243,244,2,S,251.27388535031847
243,244,5,S,195.55555555555554
244,243,2,N,94.23076923076923
244,243,5,N,95.45454545454545
244,245,2,S,90.0
244,245,5,S,90.0
245,244,2,N,123.26923076923077
245,244,5,N,126.81818181818181
245,246,2,S,90.0
245,246,5,S,90.0
246,245,2,N,84.23076923076923
246,245,5,N,81.27272727272727
246,247,2,S,120.0
246,247,5,S,120.0
247,246,2,N,120.0
247,246,5,N,120.0
247,416,5,S,83056.11111111111
248,232_423_R28,4,N,765.0
248,232_423_R28,5,N,570.0
248,249,2,S,120.0
248,249,3,S,118.6046511627907
248,249,4,S,101.14285714285714
248,302,3,N,3138.3720930232557
249,248,2,N,140.0
249,248,3,N,130.0
249,248,4,N,120.0
249,248,5,N,120.0
249,250,2,S,228.0
249,250,3,S,200.0
249,250,4,S,432.0
250,232_423_R28,4,N,733.2236842105264
250,232_423_R28,5,N,782.7272727272727
250,249,2,N,160.0
250,249,3,N,142.32558139534885
250,249,4,N,120.0
250,249,5,N,120.0
250,251,2,S,150.0
250,251,3,S,150.0
250,251,4,S,150.0
250,401,4,S,82199.55555555556
250,405,4,S,82290.0
250,406,4,S,82440.0
250,416,5,S,83597.14285714286
251,250,2,N,165.0
251,250,3,N,154.65116279069767
251,250,4,N,158.1818181818182
251,250,5,N,240.0
251,252,2,S,114.0
251,252,3,S,114.4186046511628
251,252,4,S,93.52941176470588
252,251,2,N,110.0
252,251,3,N,97.20930232558139
252,251,4,N,95.45454545454545
252,251,5,N,120.0
252,253,2,S,96.0
252,253,3,S,92.55813953488372
252,253,4,S,116.47058823529412
253,252,2,N,100.0
253,252,3,N,112.79069767441861
253,252,4,N,114.54545454545455
253,252,5,N,90.0
253,254,2,S,84.0
253,254,3,S,84.4186046511628
253,254,4,S,63.529411764705884
254,253,2,N,80.0
254,253,3,N,67.20930232558139
254,253,4,N,65.45454545454545
254,253,5,N,90.0
254,255,2,S,90.0
254,255,3,S,90.0
254,255,4,S,90.0
255,254,2,N,100.0
255,254,3,N,93.72093023255815
255,254,4,N,90.0
255,254,5,N,90.0
255,256,2,S,60.0
255,256,3,S,63.02325581395349
255,256,4,S,60.0
256,255,2,N,65.0
256,255,3,N,60.46511627906977
256,255,4,N,60.90909090909091
256,255,5,N,75.0
256,257,2,S,90.0
256,257,3,S,86.97674418604652
256,257,4,S,90.0
257,256,2,N,90.0
257,256,3,N,90.0
257,256,4,N,90.0
257,256,5,N,90.0
257,301,3,S,82271.66666666667
257,302,3,S,82310.0
257,401,4,S,81102.35294117648
301,302,3,S,122.21476510067114
302,301,3,N,72.23684210526316
401,402,4,S,120.0
402,401,4,N,124.6987951807229
402,405,4,S,129.9418604651163
405,402,4,N,114.21686746987952
405,406,4,S,120.0
406,405,4,N,142.10526315789474
406,407,4,S,86.43243243243244
407,406,4,N,90.0
407,408,4,S,85.13513513513513
408,407,4,N,86.66666666666667
408,409,4,S,91.62162162162163
409,408,4,N,90.0
409,410,4,S,92.10810810810811
410,409,4,N,219.2982456140351
410,411,4,S,87.89189189189189
411,410,4,N,70.52631578947368
411,412,4,S,76.86486486486487
412,411,4,N,64.03508771929825
412,413,4,S,92.10810810810811
413,409,4,N,300.0
413,412,4,N,90.0
413,414_D11,4,S,124.21621621621621
414_D11,222_415,4,S,180.64864864864865
414_D11,413,4,N,113.83783783783784
414_D11,D10,B,N,150.0
414_D11,D10,D,N,150.0
414_D11,D12,B,S,97.85714285714286
414_D11,D12,D,S,90.0
416,222_415,4,N,124.7560975609756
416,505,5,N,1363.5897435897436
416,621,4,S,149.0506329113924
416,621,5,S,160.43478260869566
419,229_418_A38_M22,4,N,66.16216216216216
419,229_418_A38_M22,5,N,68.47826086956522
419,420,4,S,86.43243243243244
419,420,5,S,90.21739130434783
420,232_423_R28,4,S,310.2197802197802
420,232_423_R28,5,S,312.04918032786884
420,419,4,N,90.0
420,419,5,N,90.0
420,501,5,S,82868.18181818182
501,502,5,S,131.32867132867133
502,501,5,N,125.87412587412588
502,503,5,S,144.96503496503496
503,502,5,N,180.83916083916083
503,504,5,S,160.9090909090909
504,503,5,N,151.04895104895104
504,505,5,S,66.2937062937063
505,504,5,N,75.52447552447552
601,602,6,S,144.27745664739885
602,601,6,N,147.4431818181818
602,603,6,S,60.0
603,602,6,N,61.19318181818182
603,604,6,S,110.28901734104046
604,603,6,N,100.05681818181819
604,606,6,S,75.60693641618496
606,604,6,N,67.67045454545455
606,607,6,S,74.39306358381504
607,606,6,N,70.05681818181819
607,608,6,S,135.4335260115607
608,607,6,N,120.0
608,609,6,S,87.29613733905579
608,613,6,S,344.61538461538464
609,608,6,N,96.9
609,610,6,S,89.35622317596567
610,609,6,N,66.75
610,611,6,S,60.0
611,610,6,N,55.5
611,612,6,S,90.64377682403433
612,611,6,N,113.25
612,613,6,S,116.78111587982832
613,608,6,N,388.75
613,612,6,N,90.0
613,614,6,S,90.0
613,619,6,S,436.8
614,613,6,N,207.8468899521531
614,615,6,S,117.70270270270271
615,614,6,N,97.7511961722488
615,616,6,S,60.0
616,615,6,N,79.52153110047847
616,617,6,S,116.35135135135135
617,616,6,N,114.25837320574162
617,618,6,S,60.0
618,617,6,N,60.0
618,619,6,S,94.32432432432432
619,613,6,N,500.4761904761905
619,618,6,N,90.0
621,222_415,4,N,300.0
621,416,4,N,174.32926829268294
621,416,5,N,180.0
621,619,6,N,200.43478260869566
621,626,4,S,287.6756756756757
621,626,5,S,275.0
621,626,6,S,456.5217391304348
622,621,4,N,90.0
622,621,6,N,101.19565217391305
622,623,4,S,90.0
622,623,6,S,83.47826086956522
623,622,4,N,90.0
623,622,6,N,81.19565217391305
623,624,4,S,60.0
623,624,6,S,66.52173913043478
624,623,4,N,60.0
624,623,6,N,68.80434782608695
624,625,4,S,90.0
624,625,6,S,90.0
625,624,4,N,90.0
625,624,6,N,90.0
625,627,4,S,210.0
625,627,6,S,230.2173913043478
626,621,4,N,320.40697674418607
626,621,5,N,330.4347826086956
626,625,4,N,120.0
626,625,6,N,116.19565217391305
626,629_R11,4,S,250.7027027027027
626,629_R11,5,S,251.95652173913044
626,629_R11,6,S,323.5869565217391
627,626,4,N,90.0
627,626,6,N,90.0
627,628,4,S,120.0
627,628,6,S,116.73913043478261
628,627,4,N,90.0
628,627,6,N,99.1304347826087
628,630_F11,4,S,180.0
628,630_F11,6,S,203.58695652173913
629_R11,626,4,N,211.56976744186048
629_R11,626,5,N,212.17391304347825
629_R11,628,4,N,120.0
629_R11,628,6,N,110.8695652173913
629_R11,631_723_901,4,S,168.0
629_R11,631_723_901,5,S,166.52173913043478
629_R11,631_723_901,6,S,226.95652173913044
629_R11,718_R09,N,N,298.5652173913044
629_R11,R13,N,S,93.65217391304348
629_R11,R13,R,S,93.6923076923077
629_R11,R45,R,N,82630.078125
630_F11,629_R11,4,N,90.0
630_F11,629_R11,6,N,90.0
630_F11,632,4,S,240.0
630_F11,632,6,S,240.0
630_F11,719_F09_G22,E,N,189.65853658536585
630_F11,719_F09_G22,M,N,190.8
630_F11,F12,E,S,97.90243902439025
630_F11,F12,M,S,99.0
631_723_901,127_725_902_A27_R16,GS,N,90.0
631_723_901,629_R11,4,N,144.41860465116278
631_723_901,629_R11,5,N,146.95652173913044
631_723_901,630_F11,4,N,90.0
631_723_901,630_F11,6,N,99.1304347826087
631_723_901,635_L03_R20,4,S,252.97297297297297
631_723_901,635_L03_R20,5,S,250.43478260869566
631_723_901,635_L03_R20,6,S,356.0869565217391
631_723_901,721,7,N,282.1733149931224
631_723_901,724_D16,7,S,89.21595598349381
632,631_723_901,4,N,120.0
632,631_723_901,6,N,136.6304347826087
632,633,4,S,60.0
632,633,6,S,60.0
633,632,4,N,60.0
633,632,6,N,60.0
633,634,4,S,60.0
633,634,6,S,80.32608695652173
634,633,4,N,60.0
634,633,6,N,66.84782608695652
634,636,4,S,180.0
634,636,6,S,185.7608695652174
635_L03_R20,132_D19_L02,L,N,90.0
635_L03_R20,631_723_901,4,N,222.90697674418604
635_L03_R20,631_723_901,5,N,224.56521739130434
635_L03_R20,634,4,N,120.0
635_L03_R20,634,6,N,113.15217391304348
635_L03_R20,639_M20_Q01_R23,Q,S,259.2700729927007
635_L03_R20,640_M21,4,S,311.6756756756757
635_L03_R20,640_M21,5,S,303.9130434782609
635_L03_R20,640_M21,6,S,529.6739130434783
635_L03_R20,D17_R17,N,N,186.75
635_L03_R20,D17_R17,Q,N,181.10294117647058
635_L03_R20,L05,L,S,62.08791208791209
635_L03_R20,R19,N,N,103.70689655172414
635_L03_R20,R19,Q,N,90.0
635_L03_R20,R19,R,N,106.7175572519084
635_L03_R20,R21,N,S,90.0
635_L03_R20,R21,Q,S,90.0
635_L03_R20,R21,R,S,90.0
635_L03_R20,R39,N,S,1494.0
635_L03_R20,R41,N,S,1507.027027027027
636,635_L03_R20,4,N,90.0
636,635_L03_R20,6,N,85.65217391304348
636,637_D21,4,S,90.0
636,637_D21,6,S,110.32608695652173
637_D21,636,4,N,90.0
637_D21,636,6,N,90.0
637_D21,638,4,S,60.0
637_D21,638,6,S,60.0
637_D21,A32_D20,B,N,135.30612244897958
637_D21,A32_D20,D,N,133.13868613138686
637_D21,A32_D20,F,N,172.6530612244898
637_D21,A32_D20,M,N,173.4
637_D21,D22,B,S,120.0
637_D21,D22,D,S,120.0
637_D21,D43,F,S,3141.019108280255
637_D21,F05,F,S,83960.76923076923
637_D21,G08,M,S,83864.4
638,637_D21,4,N,60.0
638,637_D21,6,N,66.84782608695652
638,639_M20_Q01_R23,4,S,90.0
638,639_M20_Q01_R23,6,S,180.32608695652175
639_M20_Q01_R23,601,6,S,82888.78612716762
639_M20_Q01_R23,608,6,S,83415.15151515152
639_M20_Q01_R23,619,6,S,84382.5
639_M20_Q01_R23,638,4,N,90.0
639_M20_Q01_R23,638,6,N,90.0
639_M20_Q01_R23,640_M21,J,S,91.30434782608695
639_M20_Q01_R23,M19,J,N,122.17391304347827
639_M20_Q01_R23,Q03,N,N,1035.0
639_M20_Q01_R23,Q03,Q,N,1026.3057324840765
639_M20_Q01_R23,Q05,N,S,85130.0
639_M20_Q01_R23,Q05,Q,S,85117.02531645569
639_M20_Q01_R23,R22,N,N,95.21739130434783
639_M20_Q01_R23,R22,R,N,95.95419847328245
639_M20_Q01_R23,R24,N,S,150.0
639_M20_Q01_R23,R24,R,S,150.0
640_M21,229_418_A38_M22,4,S,115.94594594594595
640_M21,229_418_A38_M22,5,S,120.0
640_M21,229_418_A38_M22,J,S,68.91304347826087
640_M21,622,6,S,84603.69565217392
640_M21,635_L03_R20,4,N,279.7674418604651
640_M21,635_L03_R20,5,N,282.82608695652175
640_M21,639_M20_Q01_R23,4,N,120.0
640_M21,639_M20_Q01_R23,6,N,120.0
640_M21,639_M20_Q01_R23,J,N,120.0
701,702,7,S,156.72857142857143
702,701,7,N,210.0
702,705,7,S,92.70270270270271
702,707,7,S,326.42857142857144
705,702,7,N,170.80060422960725
705,706,7,S,71.34306569343066
706,705,7,N,68.92749244712991
706,707,7,S,68.36496350364963
707,702,7,N,229.84615384615384
707,706,7,N,69.87915407854985
707,708,7,S,87.5036496350365
707,710_G14,7,S,180.0
708,707,7,N,73.68580060422961
708,709,7,S,68.36496350364963
709,708,7,N,69.87915407854985
709,710_G14,7,S,71.38686131386861
710_G14,707,7,N,180.0
710_G14,709,7,N,68.42900302114803
710_G14,711,7,S,77.53782668500688
710_G14,F01,F,S,85211.79190751445
710_G14,G08,E,N,424.05882352941177
710_G14,G08,F,N,423.58490566037733
710_G14,G13,E,N,100.28571428571429
710_G14,G13,F,N,102.16216216216216
710_G14,G13,M,N,125.7
710_G14,G13,R,N,126.61016949152543
710_G14,G15,E,S,90.0
710_G14,G15,F,S,90.0
710_G14,G15,M,S,90.0
710_G14,G15,R,S,90.0
710_G14,G21,E,S,388.1767955801105
711,710_G14,7,N,82.7372764786795
711,712,7,S,107.53782668500688
712,711,7,N,108.32187070151306
712,713,7,S,115.5433287482806
713,712,7,N,114.92434662998625
713,714,7,S,60.0
714,713,7,N,60.0
714,715,7,S,60.0
715,714,7,N,60.0
715,716,7,S,85.99724896836314
716,715,7,N,73.41127922971114
716,718_R09,7,S,175.41953232462174
718_R09,629_R11,N,S,294.5217391304348
718_R09,716,7,N,144.92434662998625
718_R09,719_F09_G22,7,S,90.78404401650619
718_R09,R08,N,N,147.2608695652174
719_F09_G22,630_F11,E,S,198.8780487804878
719_F09_G22,630_F11,M,S,203.1
719_F09_G22,718_R09,7,N,91.81568088033012
719_F09_G22,720,7,S,119.21595598349381
719_F09_G22,G21,E,N,116.63414634146342
719_F09_G22,G21,M,N,104.4
719_F09_G22,G24,G,S,60.0
720,719_F09_G22,7,N,118.18431911966988
720,721,7,S,59.215955983493814
721,631_723_901,7,S,289.43603851444294
721,720,7,N,53.06740027510316
724_D16,127_725_902_A27_R16,7,S,98.45942228335626
724_D16,631_723_901,7,N,83.06740027510317
724_D16,D15,B,N,90.0
724_D16,D15,D,N,116.05839416058394
724_D16,D15,F,N,120.0
724_D16,D15,M,N,120.0
724_D16,D17_R17,B,S,99.79591836734694
724_D16,D17_R17,D,S,97.66423357664233
724_D16,D17_R17,F,S,90.0
724_D16,D17_R17,M,S,90.0
726,127_725_902_A27_R16,7,N,170.59147180192574
A02,A03,A,S,115.527950310559
A02,H15,A,N,80310.0
A03,A02,A,N,111.34969325153374
A03,A05,A,S,144.3975903614458
A03,H15,A,N,80430.0
A05,A03,A,N,227.06586826347305
A05,A06,A,S,120.0
A06,A05,A,N,120.53892215568862
A06,A07,A,S,62.53012048192771
A07,112_A09,A,S,128.49397590361446
A07,A06,A,N,75.62874251497006
A10,112_A09,A,N,221.53846153846155
A10,112_A09,C,N,90.0
A10,A11,A,S,90.0
A10,A11,C,S,64.5945945945946
A11,A10,A,N,90.0
A11,A10,C,N,90.0
A11,A12_D13,A,S,93.46153846153847
A11,A12_D13,C,S,94.05405405405405
A12_D13,112_A09,A,N,269.1666666666667
A12_D13,A11,A,N,90.0
A12_D13,A11,C,N,90.0
A12_D13,A14,A,S,117.09677419354838
A12_D13,A14,C,S,121.62162162162163
A12_D13,A15,A,S,230.07194244604315
A12_D13,D07,D,N,505.0
A12_D13,D12,B,N,90.0
A12_D13,D12,D,N,90.0
A12_D13,D14,B,S,1054.2857142857142
A12_D13,D14,D,S,815.4744525547445
A12_D13,D40,B,N,82620.0
A14,A12_D13,A,N,90.0
A14,A12_D13,B,N,90.0
A14,A12_D13,C,N,203.51351351351352
A14,A15,A,S,94.83870967741936
A14,A15,B,S,97.34693877551021
A14,A15,C,S,90.54054054054055
A14,D40,B,N,82705.67010309278
A15,125_A24,A,S,491.0416666666667
A15,125_A24,D,S,487.22627737226276
A15,637_D21,D,N,85110.0
A15,A12_D13,A,N,217.70833333333334
A15,A14,A,N,92.3076923076923
A15,A14,B,N,127.34693877551021
A15,A14,C,N,112.43243243243244
A15,A16,A,S,90.0
A15,A16,B,S,90.0
A15,A16,C,S,90.0
A15,D22,D,N,85050.0
A15,R30,D,N,84617.87234042553
A16,A15,A,N,90.0
A16,A15,B,N,90.61224489795919
A16,A15,C,N,90.0
A16,A17,A,S,90.0
A16,A17,B,S,90.0
A16,A17,C,S,90.0
A17,A16,A,N,90.0
A17,A16,B,N,90.0
A17,A16,C,N,90.0
A17,A18,A,S,60.0
A17,A18,B,S,62.142857142857146
A17,A18,C,S,62.16216216216216
A18,A17,A,N,60.0
A18,A17,B,N,60.0
A18,A17,C,N,60.0
A18,A19,A,S,90.0
A18,A19,B,S,87.85714285714286
A18,A19,C,S,87.83783783783784
A19,A18,A,N,90.0
A19,A18,B,N,90.0
A19,A18,C,N,90.0
A19,A20,A,S,90.0
A19,A20,B,S,92.14285714285714
A19,A20,C,S,92.16216216216216
A20,A19,A,N,90.0
A20,A19,B,N,90.0
A20,A19,C,N,90.0
A20,A21,A,S,90.0
A20,A21,B,S,90.0
A20,A21,C,S,90.0
A21,A20,A,N,90.0
A21,A20,B,N,90.0
A21,A20,C,N,90.0
A21,A22,A,S,90.0
A21,A22,B,S,90.0
A21,A22,C,S,90.0
A22,125_A24,A,S,140.76923076923077
A22,125_A24,B,S,98.57142857142857
A22,125_A24,C,S,90.0
A22,A21,A,N,90.0
A22,A21,B,N,90.0
A22,A21,C,N,90.0
A25,125_A24,A,N,121.15384615384616
A25,125_A24,C,N,124.05405405405405
A25,127_725_902_A27_R16,A,S,120.0
A25,127_725_902_A27_R16,C,S,121.08108108108108
A25,127_725_902_A27_R16,E,S,123.51219512195122
A25,D14,E,N,95.41463414634147
A28,127_725_902_A27_R16,A,N,100.23529411764706
A28,127_725_902_A27_R16,C,N,84.86486486486487
A28,127_725_902_A27_R16,E,N,83.5609756097561
A28,A30,A,S,90.0
A28,A30,C,S,109.72972972972973
A28,A30,E,S,107.70731707317073
A28,A31_L01,A,S,180.20833333333334
A30,A28,A,N,120.0
A30,A28,C,N,121.35135135135135
A30,A28,E,N,122.34146341463415
A30,A31_L01,A,S,90.0
A30,A31_L01,C,S,90.0
A30,A31_L01,E,S,90.0
A31_L01,132_D19_L02,L,S,90.0
A31_L01,A28,A,N,192.08333333333334
A31_L01,A30,A,N,90.0
A31_L01,A30,C,N,90.0
A31_L01,A30,E,N,90.0
A31_L01,A32_D20,A,S,120.3529411764706
A31_L01,A32_D20,C,S,135.40540540540542
A31_L01,A32_D20,E,S,132.8780487804878
A32_D20,637_D21,B,S,120.0
A32_D20,637_D21,D,S,120.0
A32_D20,637_D21,F,S,163.16326530612244
A32_D20,637_D21,M,S,166.2
A32_D20,A31_L01,A,N,140.11764705882354
A32_D20,A31_L01,C,N,151.35135135135135
A32_D20,A31_L01,E,N,150.14634146341464
A32_D20,A33,A,S,90.0
A32_D20,A33,C,S,90.0
A32_D20,A33,E,S,90.0
A32_D20,A34,A,S,167.29166666666666
A32_D20,D17_R17,B,N,180.0
A32_D20,D17_R17,D,N,183.5036496350365
A32_D20,D17_R17,F,N,322.6530612244898
A32_D20,D17_R17,M,N,327.6
A33,A32_D20,A,N,120.0
A33,A32_D20,C,N,120.0
A33,A32_D20,E,N,120.0
A33,A34,A,S,90.0
A33,A34,C,S,99.45945945945945
A33,A34,E,S,123.95121951219512
A34,228_A36_E01_R25,A,S,120.0
A34,228_A36_E01_R25,C,S,120.0
A34,A32_D20,A,N,152.08333333333334
A34,A33,A,N,90.0
A34,A33,C,N,90.0
A34,A33,E,N,90.0
A34,D14,E,S,85480.68292682926
A40,229_418_A38_M22,A,N,193.05882352941177
A40,229_418_A38_M22,C,N,191.0810810810811
A40,A41_R29,A,S,125.11764705882354
A40,A41_R29,C,S,120.0
A41_R29,232_423_R28,N,N,91.25
A41_R29,232_423_R28,R,N,107.28476821192054
A41_R29,637_D21,F,N,554.8469387755102
A41_R29,A40,A,N,120.0
A41_R29,A40,C,N,120.0
A41_R29,A42,A,S,93.88235294117646
A41_R29,A42,C,S,92.70270270270271
A41_R29,D15,F,S,85137.55102040817
A41_R29,R39,N,S,1028.75
A41_R29,R39,R,S,1000.2
A42,A41_R29,A,N,95.82352941176471
A42,A41_R29,C,N,92.43243243243244
A42,A43,A,S,120.0
A42,A43,C,S,120.0
A42,A46,A,S,274.1958041958042
A42,F20,G,S,95.43624161073825
A42,F27,G,N,85473.0201342282
A43,A42,A,N,106.15384615384616
A43,A42,C,N,118.10810810810811
A43,A44,A,S,90.0
A43,A44,C,S,104.5945945945946
A44,A43,A,N,90.0
A44,A43,C,N,92.16216216216216
A44,A45_S01,A,S,90.0
A44,A45_S01,C,S,91.35135135135135
A45_S01,A44,A,N,90.0
A45_S01,A44,C,N,94.86486486486487
A45_S01,A46,A,S,60.0
A45_S01,A46,C,S,74.5945945945946
A45_S01,S03,FS,S,120.0
A46,A42,A,N,308.3333333333333
A46,A45_S01,A,N,60.0
A46,A45_S01,C,N,61.08108108108108
A46,A47,A,S,120.0
A46,A47,C,S,104.05405405405405
A46,A48,A,S,148.53146853146853
A47,A46,A,N,95.76923076923077
A47,A46,C,N,113.24324324324324
A47,A48,A,S,90.0
A47,A48,C,S,105.94594594594595
A48,A46,A,N,159.79166666666666
A48,A47,A,N,90.0
A48,A47,C,N,95.94594594594595
A48,A49,A,S,120.0
A48,A49,C,S,120.0
A48,A51_J27_L22,A,S,223.63636363636363
A49,A48,A,N,95.76923076923077
A49,A48,C,N,97.02702702702703
A49,A50,A,S,90.0
A49,A50,C,S,90.0
A50,A49,A,N,114.23076923076923
A50,A49,C,N,112.97297297297297
A50,A51_J27_L22,A,S,90.0
A50,A51_J27_L22,C,S,257.56756756756755
A51_J27_L22,A48,A,N,207.70833333333334
A51_J27_L22,A50,A,N,65.76923076923077
A51_J27_L22,A50,C,N,67.02702702702703
A51_J27_L22,A52,A,S,120.0
A51_J27_L22,A52,C,S,120.0
A51_J27_L22,A55,A,S,307.34265734265733
A51_J27_L22,J24,J,N,117.57352941176471
A51_J27_L22,J28,J,S,88.62595419847328
A51_J27_L22,J29,J,S,150.0
A51_J27_L22,L21,L,N,60.0
A51_J27_L22,L24,L,S,74.1444866920152
A52,A51_J27_L22,A,N,120.0
A52,A51_J27_L22,C,N,141.0810810810811
A52,A53,A,S,90.0
A52,A53,C,S,90.0
A53,A52,A,N,90.0
A53,A52,C,N,90.0
A53,A54,A,S,90.0
A53,A54,C,S,90.0
A54,A53,A,N,96.92307692307692
A54,A53,C,N,117.29729729729729
A54,A55,A,S,134.44444444444446
A54,A55,C,S,90.0
A55,A51_J27_L22,A,N,305.4166666666667
A55,A54,A,N,90.0
A55,A54,C,N,91.08108108108108
A55,A57,A,S,117.9144385026738
A55,H04,A,N,85110.0
A55,H11,A,N,84409.09090909091
A57,A55,A,N,142.09677419354838
A57,A59,A,S,90.0
A59,A57,A,N,84.35483870967742
A59,A60,A,S,104.75935828877006
A60,A59,A,N,93.38709677419355
A60,A61,A,S,88.55614973262033
A61,A60,A,N,87.74193548387096
A61,A63,A,S,241.3186813186813
A61,H02,A,S,216.875
A63,A61,A,N,95.48387096774194
A63,A64,A,S,81.75824175824175
A64,A63,A,N,87.09677419354838
A64,A65,A,S,61.64835164835165
A65,A64,A,N,85.48387096774194
B04,B06,F,S,123.21428571428571
B06,B04,F,N,141.8877551020408
B06,B08,F,S,150.0
B08,635_L03_R20,Q,N,85759.19117647059
B08,B06,F,N,155.05102040816325
B08,B10,F,S,154.1326530612245
B08,D42,Q,S,3494.240506329114
B08,N10,N,N,83210.0
B08,R14,N,S,180.0
B08,R22,Q,N,85485.71428571429
B08,R41,R,N,83310.0
B10,B08,F,N,191.4795918367347
B10,D18,F,S,386.9387755102041
B12,B13,D,S,120.0
B12,R36,D,N,290.0
B13,B12,D,N,123.33333333333333
B13,B14,D,S,67.00729927007299
B14,B13,D,N,90.0
B14,B15,D,S,94.37956204379562
B15,B14,D,N,120.0
B15,B16_N04,D,S,90.0
B16_N04,B15,D,N,90.0
B16_N04,B17,D,S,120.0
B16_N04,N03,N,N,147.72413793103448
B16_N04,N05,N,S,90.0
B17,B16_N04,D,N,120.0
B17,B18,D,S,91.0948905109489
B18,B17,D,N,91.55555555555556
B18,B19,D,S,90.0
B19,B18,D,N,90.0
B19,B20,D,S,86.05839416058394
B20,B19,D,N,88.44444444444444
B20,B21,D,S,93.94160583941606
B21,B20,D,N,61.55555555555556
B21,B22,D,S,115.4014598540146
B22,B21,D,N,93.55555555555556
B22,B23,D,S,312.91970802919707
B23,B22,D,N,144.88888888888889
B23,D43,D,S,247.66423357664235
D01,235_D24_R31,D,S,3498.75
D03,D01,D,N,150.0
D03,D04,B,S,120.0
D03,D04,D,S,120.0
D03,D43,D,N,80891.33333333333
D04,D03,B,N,120.0
D04,D03,D,N,133.13868613138686
D04,D05,B,S,120.0
D04,D05,D,S,90.0
D05,D04,B,N,90.0
D05,D04,D,N,93.94160583941606
D05,D06,B,S,90.0
D05,D06,D,S,90.0
D05,D07,D,S,150.0
D06,D05,B,N,90.0
D06,D05,D,N,90.0
D06,D07,B,S,100.71428571428571
D06,D07,D,S,90.0
D07,A12_D13,D,S,468.57142857142856
D07,D05,B,N,210.0
D07,D05,D,N,183.33333333333334
D07,D06,B,N,90.0
D07,D06,D,N,90.0
D07,D08,B,S,90.0
D07,D08,D,S,90.0
D08,D07,B,N,115.83333333333333
D08,D07,D,N,223.61344537815125
D08,D09,B,S,150.0
D08,D09,D,S,150.0
D09,D08,B,N,127.5
D09,D08,D,N,122.77310924369748
D09,D10,B,S,120.0
D09,D10,D,S,120.0
D10,414_D11,B,S,150.0
D10,414_D11,D,S,150.25862068965517
D10,D09,B,N,120.0
D10,D09,D,N,120.0
D12,414_D11,B,N,95.83333333333333
D12,414_D11,D,N,90.0
D12,A12_D13,B,S,103.57142857142857
D12,A12_D13,D,S,101.63793103448276
D14,228_A36_E01_R25,E,N,85405.75609756098
D14,A12_D13,B,N,1088.041237113402
D14,A12_D13,D,N,831.021897810219
D14,D15,B,S,105.3061224489796
D14,D15,D,S,105.1094890510949
D14,F06,E,S,84792.85714285714
D14,G05,E,S,84418.0303030303
D15,710_G14,F,N,1030.5
D15,724_D16,B,S,90.0
D15,724_D16,D,S,90.0
D15,724_D16,F,S,90.0
D15,724_D16,M,S,90.0
D15,D14,B,N,90.0
D15,D14,D,N,90.43795620437956
D15,D43,F,N,83037.11538461539
D15,F12,M,N,186.6
D17_R17,127_725_902_A27_R16,N,N,116.3135593220339
D17_R17,127_725_902_A27_R16,Q,N,94.77707006369427
D17_R17,127_725_902_A27_R16,R,N,117.70992366412214
D17_R17,635_L03_R20,N,S,153.71900826446281
D17_R17,635_L03_R20,Q,S,153.28467153284672
D17_R17,724_D16,B,N,97.34693877551021
D17_R17,724_D16,D,N,95.47445255474453
D17_R17,724_D16,F,N,90.0
D17_R17,724_D16,M,N,90.0
D17_R17,A32_D20,B,S,180.0
D17_R17,A32_D20,D,S,181.09489051094891
D17_R17,A32_D20,F,S,318.2142857142857
D17_R17,A32_D20,M,S,323.7
D17_R17,R18,N,S,60.0
D17_R17,R18,Q,S,60.0
D17_R17,R18,R,S,60.0
D18,132_D19_L02,F,S,95.35714285714286
D18,132_D19_L02,M,S,96.3
D18,B10,F,N,448.7755102040816
D18,M01,M,N,84212.7
D22,235_D24_R31,D,S,630.0
D22,637_D21,B,N,130.40816326530611
D22,637_D21,D,N,128.22222222222223
D22,D01,D,S,83571.50943396226
D22,R30,B,S,502.9591836734694
D22,R30,D,S,548.0
D25,235_D24_R31,B,N,137.75510204081633
D25,235_D24_R31,Q,N,134.52229299363057
D25,D26,B,S,262.9591836734694
D25,D26,Q,S,257.8481012658228
D26,239_S04,FS,N,180.0
D26,A45_S01,FS,S,86010.0
D26,D25,B,N,257.7551020408163
D26,D25,Q,N,245.9235668789809
D26,D28,B,S,120.0
D26,D28,Q,S,180.0
D27,D29,Q,S,180.0
D28,D26,B,N,141.12244897959184
D28,D26,Q,N,203.31210191082803
D28,D31,B,S,150.0
D28,D31,Q,S,233.35443037974684
D29,D27,Q,N,180.0
D29,D30,Q,S,53.35443037974684
D30,D29,Q,N,46.43312101910828
D30,D32,Q,S,175.63291139240508
D31,D28,B,N,155.20408163265307
D31,D28,Q,N,240.57324840764332
D31,D35,B,S,306.734693877551
D31,D35,Q,S,408.9873417721519
D32,D30,Q,N,179.61783439490446
D32,D33,Q,S,64.36708860759494
D33,D32,Q,N,67.45222929936305
D33,D34,Q,S,115.63291139240506
D34,D33,Q,N,112.54777070063695
D34,D37,Q,S,274.746835443038
D35,D31,B,N,273.3673469387755
D35,D31,Q,N,406.0509554140127
D35,D39,B,S,428.8775510204082
D35,D39,Q,S,317.8481012658228
D37,D34,Q,N,270.95541401273886
D37,D38,Q,S,60.0
D38,D37,Q,N,60.0
D38,D41,Q,S,458.1645569620253
D39,D35,B,N,285.3061224489796
D39,D35,Q,N,307.45222929936307
D39,D40,B,S,120.0
D39,D40,Q,S,211.70886075949366
D40,D39,B,N,120.0
D40,D39,Q,N,140.828025477707
D40,D43,Q,S,330.0
D41,D38,Q,N,381.78343949044586
D42,B08,Q,N,3451.146496815287
D42,F39,F,N,90.0
D42,R14,Q,S,83110.82278481012
D43,710_G14,F,N,4392.857142857143
D43,B08,N,S,82870.0
D43,B08,Q,S,82815.75949367089
D43,B23,D,N,244.66666666666666
D43,D42,Q,N,90.0
D43,F05,F,S,80855.73248407643
D43,G20,F,N,3902.4324324324325
D43,R01,N,S,81744.26470588235
D43,R36,N,N,1528.8805970149253
F01,F03,E,S,171.42857142857142
F01,F03,F,S,214.1326530612245
F01,F04,E,N,85980.0
F01,F04,F,N,85724.38775510204
F02,D42,F,N,80621.53846153847
F02,F04,F,S,207.09183673469389
F02,F27,F,N,81810.0
F02,F35,F,N,81105.0
F02,F38,F,N,81158.57142857143
F03,F01,E,N,188.57142857142858
F03,F01,F,N,407.2959183673469
F03,F02,F,S,86279.69387755102
F04,B04,F,S,1351.6836734693877
F04,F02,E,N,300.0
F04,F02,F,N,555.6122448979592
F05,F03,E,N,300.0
F05,F03,F,N,363.6734693877551
F05,F06,E,S,109.01408450704226
F05,F06,F,S,116.0204081632653
F05,G07,E,N,90.0
F06,F03,E,N,330.0
F06,F05,E,N,179.1549295774648
F06,F05,F,N,120.0
F06,F07,E,S,90.0
F06,F07,F,S,92.60204081632654
F06,G07,E,N,190.93023255813952
F06,G08,E,S,155.1492537313433
F07,F06,E,N,90.0
F07,F06,F,N,90.0
F07,G08,E,S,111.12676056338029
F07,G08,F,S,116.93877551020408
F12,228_A36_E01_R25,E,S,1147.3170731707316
F12,630_F11,E,N,96.58536585365853
F12,630_F11,M,N,97.8
F12,D18,M,S,453.3
F14,132_D19_L02,F,N,376.98979591836735
F14,F15_M18,F,S,114.18367346938776
F15_M18,F14,F,N,95.66326530612245
F15_M18,F16,F,S,90.0
F15_M18,M16,J,S,85949.78260869565
F15_M18,M16,M,S,450.0
F15_M18,M23,J,N,85854.13043478261
F16,F15_M18,F,N,78.21428571428571
F16,F18,F,S,166.53061224489795
F18,F16,F,N,200.96938775510205
F18,F20,F,S,303.55670103092785
F18,F24,F,S,510.0
F20,F18,F,N,259.63917525773195
F20,F21,F,S,104.22680412371135
F20,F21,G,S,103.89261744966443
F20,G36,G,N,218.25503355704697
F21,F20,F,N,91.23711340206185
F21,F20,G,N,90.80536912751678
F21,F22,F,S,124.94845360824742
F21,F22,G,S,124.42953020134229
F22,F21,F,N,120.0
F22,F21,G,N,120.0
F22,F23_R33,F,S,133.29896907216494
F22,F23_R33,G,S,133.08724832214764
F23_R33,F22,F,N,91.23711340206185
F23_R33,F22,G,N,91.00671140939598
F23_R33,F24,F,S,95.10309278350516
F23_R33,F24,G,S,94.83221476510067
F23_R33,R32,D,N,109.14893617021276
F23_R33,R32,N,N,109.33333333333333
F23_R33,R32,R,N,120.39735099337749
F23_R33,R34,D,S,115.0
F23_R33,R34,N,S,111.72413793103448
F23_R33,R34,R,S,100.8
F24,F18,F,N,465.0
F24,F23_R33,F,N,118.76288659793815
F24,F23_R33,G,N,117.98657718120805
F24,F25,F,S,90.0
F24,F25,G,S,90.0
F24,F27,F,S,240.0
F25,F24,F,N,116.75257731958763
F25,F24,G,N,115.57046979865771
F25,F26,F,S,147.68041237113403
F25,F26,G,S,147.18120805369128
F26,F25,F,N,159.58762886597938
F26,F25,G,N,157.8523489932886
F26,F27,F,S,93.8659793814433
F26,F27,G,S,93.8255033557047
F27,719_F09_G22,G,S,84356.9798657718
F27,F24,F,N,180.0
F27,F26,F,N,116.1340206185567
F27,F26,G,N,114.76510067114094
F27,F29,F,S,120.0
F29,F27,F,N,120.0
F29,F30,F,S,120.0
F30,F29,F,N,96.15384615384616
F30,F31,F,S,60.0
F31,F30,F,N,63.23076923076923
F31,F32,F,S,60.0
F32,F31,F,N,60.0
F32,F33,F,S,120.0
F33,F32,F,N,95.84615384615384
F33,F34,F,S,90.0
F34,F33,F,N,90.3076923076923
F34,F35,F,S,248.92307692307693
F35,F34,F,N,90.0
F35,F36,F,S,120.0
F36,F35,F,N,120.3680981595092
F36,F38,F,S,316.81528662420385
F38,F36,F,N,97.73006134969326
F38,F39,F,S,122.48407643312102
F39,D42,F,S,90.0
F39,F38,F,N,122.88461538461539
G05,A51_J27_L22,J,N,84950.0
G05,G06,E,S,101.36363636363636
G05,G06,J,S,60.0
G05,M11,J,N,84450.0
G06,G05,E,N,121.81818181818181
G06,G05,J,N,60.0
G06,G07,E,S,150.0
G06,M11,J,S,1892.7067669172932
G07,F05,E,S,90.0
G07,F06,E,S,189.4488188976378
G07,G06,E,N,333.7878787878788
G08,132_D19_L02,M,N,84039.9
G08,710_G14,E,S,431.76795580110496
G08,710_G14,F,S,432.485549132948
G08,A41_R29,R,N,82620.0
G08,F06,E,N,197.91044776119404
G08,F07,E,N,120.0
G08,F07,F,N,120.0
G08,G09,E,S,90.0
G08,G09,F,S,90.0
G08,G09,M,S,119.7
G08,G09,R,S,119.07692307692308
G08,R41,R,N,81377.58620689655
G09,G08,E,N,100.28571428571429
G09,G08,F,N,102.16216216216216
G09,G08,M,N,125.7
G09,G08,R,N,126.61016949152543
G09,G10,E,S,120.0
G09,G10,F,S,120.0
G09,G10,M,S,93.9
G09,G10,R,S,93.92307692307692
G10,G09,E,N,112.28571428571429
G10,G09,F,N,111.08108108108108
G10,G09,M,N,115.5
G10,G09,R,N,116.1864406779661
G10,G11,E,S,60.0
G10,G11,F,S,60.0
G10,G11,M,S,89.7
G10,G11,R,S,89.07692307692308
G11,G10,E,N,70.28571428571429
G11,G10,F,N,72.16216216216216
G11,G10,M,N,99.9
G11,G10,R,N,100.67796610169492
G11,G12,E,S,120.0
G11,G12,F,S,120.0
G11,G12,M,S,119.1
G11,G12,R,S,119.3076923076923
G12,G11,E,N,120.0
G12,G11,F,N,120.0
G12,G11,M,N,118.5
G12,G11,R,N,118.72881355932203
G12,G13,E,S,90.0
G12,G13,F,S,90.0
G12,G13,M,S,90.0
G12,G13,R,S,90.0
G13,710_G14,E,S,90.0
G13,710_G14,F,S,90.0
G13,710_G14,M,S,119.7
G13,710_G14,R,S,119.07692307692308
G13,G12,E,N,92.57142857142857
G13,G12,F,N,93.24324324324324
G13,G12,M,N,102.6
G13,G12,R,N,103.22033898305085
G15,710_G14,E,N,90.0
G15,710_G14,F,N,90.0
G15,710_G14,M,N,118.8
G15,710_G14,R,N,118.72881355932203
G15,G16,E,S,90.0
G15,G16,F,S,90.0
G15,G16,M,S,94.2
G15,G16,R,S,93.6923076923077
G16,G15,E,N,90.0
G16,G15,F,N,90.8108108108108
G16,G15,M,N,102.3
G16,G15,R,N,102.71186440677967
G16,G18,E,S,90.0
G16,G18,F,S,90.0
G16,G18,M,S,90.0
G16,G18,R,S,90.0
G18,G16,E,N,90.0
G18,G16,F,N,90.0
G18,G16,M,N,90.0
G18,G16,R,N,90.0
G18,G19,E,S,91.25
G18,G19,F,S,91.30434782608695
G18,G19,M,S,116.1
G18,G19,R,S,116.53846153846153
G19,G18,E,N,120.0
G19,G18,F,N,120.0
G19,G18,M,N,120.0
G19,G18,R,N,120.0
G19,G20,E,S,120.0
G19,G20,F,S,120.0
G19,G20,M,S,120.0
G19,G20,R,S,120.0
G20,F01,F,S,84671.73913043478
G20,G19,E,N,120.0
G20,G19,F,N,120.0
G20,G19,M,N,120.0
G20,G19,R,N,120.0
G20,G21,E,S,145.0
G20,G21,M,S,144.9
G20,G21,R,S,125.3076923076923
G21,629_R11,R,S,426.9230769230769
G21,710_G14,E,N,342.70588235294116
G21,719_F09_G22,E,S,100.2439024390244
G21,719_F09_G22,M,S,122.7
G21,G20,E,N,121.71428571428571
G21,G20,M,N,120.0
G21,G20,R,N,120.0
G21,R41,R,N,82697.5
G24,719_F09_G22,G,N,60.0
G24,G26,G,S,156.84563758389262
G26,G24,G,N,154.2281879194631
G26,G28,G,S,81.54362416107382
G28,G26,G,N,80.93959731543625
G28,G29_L10,G,S,171.54362416107384
G29_L10,G28,G,N,171.14093959731542
G29_L10,G30,G,S,90.0
G29_L10,L08,L,N,90.0
G29_L10,L11,L,S,60.0
G30,G29_L10,G,N,70.46979865771812
G30,G31,G,S,63.422818791946305
G31,G30,G,N,81.14093959731544
G31,G32,G,S,86.57718120805369
G32,G31,G,N,88.38926174496645
G32,G33,G,S,93.42281879194631
G33,G32,G,N,91.61073825503355
G33,G34,G,S,60.0
G34,G33,G,N,60.0
G34,G35,G,S,90.0
G35,G34,G,N,90.0
G35,G36,G,S,90.0
G36,G35,G,N,90.0
H01,A51_J27_L22,A,N,911.6666666666666
H01,A54,A,N,631.5
H02,H01,A,N,60.0
H02,H03,A,S,123.75
H03,H02,A,N,120.0
H03,H04,A,S,412.1875
H04,H03,A,N,437.741935483871
H04,H06,A,S,387.032967032967
H04,H12,A,S,372.0
H04,H12,H,S,281.42857142857144
H04,H15,H,N,85707.85714285714
H06,H04,A,N,262.5
H06,H07,A,S,201.0989010989011
H07,H06,A,N,97.8409090909091
H07,H08,A,S,113.73626373626374
H08,H07,A,N,125.11363636363636
H08,H09,A,S,75.49450549450549
H09,H08,A,N,90.0
H09,H10,A,S,92.96703296703296
H10,H09,A,N,114.88636363636364
H10,H11,A,S,90.0
H11,H10,A,N,95.11363636363636
H12,H13,A,S,90.0
H12,H13,H,S,90.0
H13,H12,A,N,114.0
H13,H12,H,N,92.14285714285714
H13,H14,A,S,72.0
H13,H14,H,S,60.714285714285715
H14,H13,A,N,96.0
H14,H13,H,N,118.21428571428571
H14,H15,A,S,114.0
H14,H15,H,S,91.78571428571429
H15,H14,A,N,144.0
H15,H14,H,N,121.78571428571429
J12,J13,J,S,90.0
J13,J12,J,N,90.0
J13,J14,J,S,118.64661654135338
J14,J13,J,N,118.67647058823529
J14,J15,J,S,90.0
J15,J14,J,N,90.0
J15,J16,J,S,111.8796992481203
J16,J15,J,N,109.63235294117646
J16,J17,J,S,90.0
J17,J16,J,N,90.0
J17,J19,J,S,68.34586466165413
J19,J17,J,N,69.04411764705883
J19,J20,J,S,111.8796992481203
J20,J19,J,N,109.63235294117646
J20,J21,J,S,118.33333333333333
J20,J22,J,S,180.0
J21,J20,J,N,120.0
J21,J22,J,S,61.75
J21,J23,J,S,150.0
J22,J20,J,N,180.0
J22,J21,J,N,60.0
J22,J23,J,S,90.0
J22,J24,J,S,180.0
J23,J21,J,N,150.0
J23,J22,J,N,90.0
J23,J24,J,S,90.0
J24,A51_J27_L22,J,S,166.01503759398497
J24,J22,J,N,180.0
J24,J23,J,N,90.0
J28,A51_J27_L22,J,N,137.14285714285714
J28,J29,J,S,90.0
J28,J30,J,S,150.0
J29,A51_J27_L22,J,N,150.0
J29,J28,J,N,90.0
J29,J30,J,S,90.0
J29,J31,J,S,150.0
J30,J28,J,N,150.0
J30,J29,J,N,90.0
J30,J31,J,S,90.0
J30,M19,J,S,970.0
J31,J29,J,N,150.0
J31,J30,J,N,90.0
J31,M19,J,S,916.5909090909091
L05,635_L03_R20,L,N,82.96703296703296
L05,L06,L,S,60.0
L06,L05,L,N,60.0
L06,L08,L,S,210.0
L08,G29_L10,L,S,99.01098901098901
L08,L06,L,N,213.95604395604394
L11,G29_L10,L,N,65.05494505494505
L11,L12,L,S,90.0
L12,L11,L,N,90.0
L12,L13,L,S,60.0
L13,L12,L,N,60.0
L13,L14,L,S,94.3956043956044
L14,L13,L,N,95.71428571428571
L14,L15,L,S,120.0
L15,L14,L,N,120.0
L15,L16,L,S,90.0
L16,L15,L,N,90.0
L16,L17_M08,L,S,102.74725274725274
L17_M08,L16,L,N,90.0
L17_M08,L19,L,S,90.0
L17_M08,M06,M,S,90.0
L17_M08,M09,M,N,120.0
L19,L17_M08,L,N,95.0
L19,L20,L,S,150.0
L20,L19,L,N,132.61363636363637
L20,L21,L,S,90.0
L21,A51_J27_L22,L,S,96.50190114068441
L21,L20,L,N,90.0
L24,A51_J27_L22,L,N,127.38636363636364
L24,L25,L,S,90.0
L25,L24,L,N,90.0
L25,L26,L,S,74.37262357414448
L26,L25,L,N,76.36363636363636
L26,L27,L,S,90.0
L27,L26,L,N,90.0
L27,L28,L,S,165.2851711026616
L28,L27,L,N,127.5
L28,L29,L,S,90.0
L29,L28,L,N,90.0
M01,F15_M18,M,S,84853.00884955752
M01,M04,M,N,145.58823529411765
M04,M01,M,S,131.4179104477612
M04,M05,M,N,113.6029411764706
M05,M04,M,S,103.88059701492537
M05,M06,M,N,82.94117647058823
M06,L17_M08,M,N,92.20588235294117
M06,M05,M,S,71.41791044776119
M09,L17_M08,M,S,119.32835820895522
M09,M10,M,N,120.0
M10,M09,M,S,110.3731343283582
M10,M11,M,N,147.13235294117646
M11,F15_M18,J,S,731.7391304347826
M11,M10,M,S,129.62686567164178
M11,M12,J,N,86337.71739130435
M11,M12,M,N,90.0
M11,M16,J,N,86139.78260869565
M12,A51_J27_L22,J,S,85860.0
M12,J12,J,S,84653.52272727272
M12,M13,J,N,86310.0
M12,M13,M,N,91.30434782608695
M13,M12,J,S,86310.0
M13,M12,M,S,90.0
M13,M14,J,N,86310.0
M13,M14,M,N,66.52173913043478
M14,M13,J,S,86338.3870967742
M14,M13,M,S,90.0
M14,M16,J,N,86340.0
M14,M16,M,N,61.82608695652174
M16,F15_M18,J,N,85950.0
M16,F15_M18,M,N,465.6521739130435
M16,J12,J,S,84510.0
M16,M14,J,S,86340.0
M16,M14,M,S,60.0
M19,639_M20_Q01_R23,J,S,92.17391304347827
M19,J30,J,N,1010.0
M19,J31,J,N,943.4090909090909
M23,229_418_A38_M22,J,N,100.0
N02,N03,N,S,86.89655172413794
N02,R41,N,N,183.10344827586206
N03,B16_N04,N,S,123.10344827586206
N03,N02,N,N,80.89655172413794
N05,B16_N04,N,N,90.0
N05,N06,N,S,86.89655172413794
N06,N05,N,N,80.89655172413794
N06,N07,N,S,90.0
N07,N06,N,N,90.0
N07,N08,N,S,120.0
N08,N07,N,N,120.0
N08,N09,N,S,120.0
N09,N08,N,N,115.65517241379311
N09,N10,N,S,227.3793103448276
N10,639_M20_Q01_R23,N,S,84003.22314049587
N10,N09,N,N,60.0
Q03,D27,Q,S,2112.3417721518986
Q03,Q04,N,N,145.0
Q03,Q04,Q,N,154.96815286624204
Q03,Q04,R,N,120.0
Q04,Q03,N,S,135.0
Q04,Q03,Q,S,126.26582278481013
Q04,Q05,N,N,90.0
Q04,Q05,Q,N,95.92356687898089
Q04,Q05,R,N,90.0
Q05,D41,Q,N,82671.78343949045
Q05,Q04,N,S,120.0
Q05,Q04,Q,S,114.68354430379746
Q05,R45,R,N,82530.0
R01,639_M20_Q01_R23,N,N,84438.52173913043
R01,R03,N,S,104.8695652173913
R03,R01,N,N,120.0
R03,R04,N,S,66.0
R04,R03,N,N,63.91304347826087
R04,R05,N,S,104.8695652173913
R05,R04,N,N,116.08695652173913
R05,R06,N,S,105.1304347826087
R06,R05,N,N,93.91304347826087
R06,R08,N,S,74.8695652173913
R08,718_R09,N,S,158.47826086956522
R08,R06,N,N,90.0
R13,629_R11,N,N,92.47826086956522
R13,629_R11,R,N,92.76923076923077
R13,R14,N,S,160.17391304347825
R13,R14,R,S,154.84615384615384
R14,127_725_902_A27_R16,N,S,180.0
R14,127_725_902_A27_R16,Q,S,176.93430656934308
R14,639_M20_Q01_R23,N,N,85665.0
R14,639_M20_Q01_R23,Q,N,85666.4331210191
R14,Q03,R,N,300.0
R14,R13,N,N,150.0
R14,R13,R,N,150.0
R14,R15,N,S,115.17391304347827
R14,R15,Q,S,90.0
R14,R15,R,S,116.76923076923077
R15,127_725_902_A27_R16,N,S,90.0
R15,127_725_902_A27_R16,Q,S,90.0
R15,127_725_902_A27_R16,R,S,90.0
R15,R14,N,N,123.91304347826087
R15,R14,Q,N,154.28571428571428
R15,R14,R,N,126.87022900763358
R18,D17_R17,N,N,60.258620689655174
R18,D17_R17,Q,N,60.0
R18,D17_R17,R,N,65.72519083969466
R18,R19,N,S,84.78260869565217
R18,R19,Q,S,60.0
R18,R19,R,S,89.76923076923077
R19,635_L03_R20,N,S,97.30434782608695
R19,635_L03_R20,Q,S,90.0
R19,635_L03_R20,R,S,98.07692307692308
R19,R18,N,N,83.53448275862068
R19,R18,Q,N,62.857142857142854
R19,R18,R,N,87.48091603053435
R21,635_L03_R20,N,N,95.43103448275862
R21,635_L03_R20,Q,N,92.85714285714286
R21,635_L03_R20,R,N,95.95419847328245
R21,R22,N,S,139.30434782608697
R21,R22,Q,S,90.0
R21,R22,R,S,148.6153846153846
R22,639_M20_Q01_R23,N,S,120.26086956521739
R22,639_M20_Q01_R23,Q,S,120.0
R22,639_M20_Q01_R23,R,S,92.76923076923077
R22,R21,N,N,132.67241379310346
R22,R21,Q,N,92.85714285714286
R22,R21,R,N,141.06870229007635
R24,228_A36_E01_R25,N,S,120.0
R24,228_A36_E01_R25,R,S,120.0
R24,639_M20_Q01_R23,N,N,171.3913043478261
R24,639_M20_Q01_R23,R,N,153.66412213740458
R26,142_R27,N,S,120.0
R26,142_R27,R,S,120.92307692307692
R26,228_A36_E01_R25,N,N,64.95652173913044
R26,228_A36_E01_R25,R,N,64.12213740458016
R30,235_D24_R31,B,S,112.95918367346938
R30,235_D24_R31,N,S,180.0
R30,235_D24_R31,Q,S,107.84810126582279
R30,235_D24_R31,R,S,181.2
R30,D01,D,S,83054.0
R30,D22,B,N,490.1020408163265
R30,D22,D,N,480.0
R30,D43,N,N,83992.32558139534
R30,D43,Q,N,84258.15286624203
R30,R36,N,N,85650.0
R30,R36,R,N,85608.07947019867
R32,235_D24_R31,D,N,120.0
R32,235_D24_R31,N,N,120.0
R32,235_D24_R31,R,N,120.0
R32,F23_R33,D,S,95.0
R32,F23_R33,N,S,98.27586206896552
R32,F23_R33,R,S,114.8
R34,F23_R33,D,N,109.14893617021276
R34,F23_R33,N,N,112.0
R34,F23_R33,R,N,111.25827814569537
R34,R35,D,S,90.0
R34,R35,N,S,90.0
R34,R35,R,S,90.0
R35,R34,D,N,91.91489361702128
R35,R34,N,N,92.0
R35,R34,R,N,93.97350993377484
R35,R36,D,S,95.0
R35,R36,N,S,98.27586206896552
R35,R36,R,S,114.8
R36,142_R27,R,S,85165.5
R36,235_D24_R31,D,N,366.8181818181818
R36,235_D24_R31,N,N,350.4
R36,B12,D,S,263.43065693430657
R36,D43,N,S,1601.1971830985915
R36,G08,R,S,81890.53846153847
R36,R01,N,S,82610.0
R36,R35,D,N,107.23404255319149
R36,R35,N,N,107.33333333333333
R36,R35,R,N,116.42384105960265
R36,R39,R,S,150.0
R39,635_L03_R20,N,N,1909.5
R39,A41_R29,N,N,1032.5
R39,A41_R29,R,N,1032.4832214765102
R39,R22,N,N,1800.0
R39,R40,N,S,91.76470588235294
R39,R40,R,S,102.63157894736842
R40,R39,N,N,95.33333333333333
R40,R39,R,N,101.47651006711409
R40,R41,N,S,105.88235294117646
R40,R41,R,S,90.0
R41,635_L03_R20,N,N,1516.5
R41,N02,N,S,180.0
R41,R40,N,N,90.0
R41,R40,R,N,90.0
R41,R42,R,S,130.33112582781456
R42,R43,R,S,84.43708609271523
R43,R42,R,N,90.0
R43,R44,R,S,153.57615894039736
R44,R43,R,N,129.06040268456377
R44,R45,R,S,120.0
R45,R44,R,N,115.57046979865771
S03,239_S04,FS,S,90.0
S03,A45_S01,FS,N,120.0
